0.0,0.0,3.5831620693206787
0.0,0.0,3.5836634635925293
0.0,0.0,3.6835179328918457
0.4001550024462631,0.044516273382070815,3.7851758003234863
0.4048791840672493,0.0576488264640303,3.8847854137420654
0.2721504122018814,0.024779032464874406,3.9847445487976074
0.3006657885435744,0.015647716310463432,4.084864854812622
0.30129340371270896,0.02833509027565779,4.184805631637573
0.3016252486543419,0.041217240985286854,4.284787178039551
0.30070963962861375,0.030540941734062972,4.38480544090271
0.3015620707828669,0.047611565809500815,4.484777450561523
0.3013966129661937,0.040816129665625714,4.584831237792969
0.3002978600082963,0.02854975544308359,4.684789419174194
0.3015418900017539,0.03908702872301401,4.78498649597168
0.3002157606229191,0.07892917147592492,4.884809970855713
0.3008160185939561,0.07667756041413858,4.98478102684021
0.30022025708998457,0.0857169633241076,5.084873676300049
0.3001868168734889,0.08263852498249001,5.18477725982666
0.3010345595347481,0.06149415909067579,5.284848928451538
0.30013695071928526,0.06482328615690529,5.385183811187744
0.3001871859511279,0.056515436109743585,5.484802007675171
0.3011322719841677,0.061549274701821144,5.584954023361206
0.3004138640927043,0.01973119417303484,5.684844493865967
0.30049237983150423,0.03376629062389071,5.7849156856536865
0.3012690179439468,0.005837588992558005,5.88503098487854
0.3004811208967675,0.01724529960437823,5.984860420227051
0.3004958515293188,0.03932010151053729,6.08496618270874
0.3004937326397805,0.08198257586673684,6.184872627258301
0.3011240474732475,0.07525672538107946,6.284948348999023
0.30111185267049156,0.0638607344737178,6.3852455615997314
0.30043654313691515,0.07396463445926964,6.4850287437438965
0.3010762659593925,0.03869586392844978,6.5848798751831055
0.30109103381384184,0.038433762718188116,6.684919357299805
0.30072058996446926,0.08451449267174066,6.7849695682525635
0.3010962060510026,0.07491292945648491,6.884989261627197
0.3011241060845936,0.06731988630796729,6.984931230545044
0.301120521454307,0.06320238999630272,7.084905624389648
0.3011087875684568,0.05798178770040207,7.184925317764282
0.3011071636697238,0.21537105531284684,7.284935235977173
0.3010937052697018,0.15617224072155197,7.385100841522217
0.30000070882169183,0.20281554821290465,7.484973192214966
0.30009560369052357,0.24688650550026645,7.585021257400513
0.3014551697042843,0.23728731619684318,7.685106515884399
0.3000543742913264,0.18278531973299225,7.785049915313721
0.30055324690174434,0.1926509911292478,7.8850579261779785
0.3004902726564108,0.21768589098202556,7.985114574432373
0.1,0.04932741114967745,8.08501648902893
0.1,0.025881328080829793,8.184977769851685
0.30049028717985526,0.17550018955218163,8.2850923538208
0.1,-0.023977801831145056,8.385124683380127
0.1,0.0,8.485103607177734
0.1,0.0,8.585069179534912
0.1,0.0,8.685003995895386
0.1,0.0,8.785055160522461
0.1,0.0,8.885086297988892
0.1,0.0,8.98502492904663
0.1,0.0,9.085052728652954
0.1,0.0,9.185059309005737
0.1,0.07816750100862822,9.285016059875488
0.1,0.10224757682728138,9.385182857513428
0.1,0.11395854373511512,9.4850332736969
0.1,0.09871191119677139,9.585078954696655
0.1,0.09289348266626656,9.685540199279785
0.1,0.036010514435015205,9.785287857055664
0.1,0.13700410684472636,9.885167598724365
0.1,0.12493568619615149,9.985157251358032
0.1,0.18867683191048473,10.085343837738037
0.1,0.16793035213884555,10.185120582580566
0.1,0.1341509609630233,10.2852201461792
0.1,0.12144849770947504,10.385177850723267
0.1,0.11284216814919519,10.485171794891357
0.1,0.041051822116500436,10.585250854492188
0.1,0.1725797500265272,10.68517255783081
0.1,0.1289975983531851,10.78520154953003
0.1,0.19919131194290363,10.885207653045654
0.1,0.10952587002202081,10.985230684280396
0.1,0.15097037098909677,11.08528470993042
0.1,0.1466695233395225,11.185175657272339
0.1,0.12947970487569505,11.285272121429443
0.1,0.10484174960537958,11.38542890548706
0.1,0.05814564729991709,11.485143899917603
0.1,0.03586219008031642,11.58519172668457
0.1,-0.02613013582794292,11.685202598571777
0.1,0.11890356203443121,11.785232782363892
0.1,0.07196779317761719,11.885146379470825
0.1,0.11169239557103101,11.985207557678223
0.1,0.05810099416657496,12.085251808166504
0.1,0.08741689332221682,12.185234546661377
0.0,-0.39999999999999997,12.28529143333435
0.1,0.023216516171631032,12.385408639907837
0.1,0.02767624768771627,12.485229015350342
0.1,0.014455479148187149,12.585205554962158
0.0,0.39999999999999997,12.685220956802368
0.0,-0.39999999999999997,12.785251379013062
0.0,-0.39999999999999997,12.885091304779053
0.43378748148679735,-0.15881251504546712,12.985241413116455
0.43014141693711283,-0.1662952477210446,13.085166215896606
0.0,-0.39999999999999997,13.185317754745483
0.0,-0.39999999999999997,13.285319566726685
0.0,-0.4014757487334703,13.385693550109863
0.0,-0.40190117688555466,13.485291004180908
0.0,-0.4040683925151825,13.585253238677979
0.0,-0.39999999999999997,13.685302734375
0.0,-0.4384957784100583,13.785290241241455
0.0,-0.4253891493144788,13.885208368301392
0.0,-0.42243174345869755,13.985270023345947
0.0,-0.41061369619871435,14.085135459899902
0.0,-0.40130923327646745,14.185068368911743
0.0,-0.4116399658353705,14.285005569458008
0.0,-0.4012298163614775,14.385055541992188
0.0,-0.4201710657069556,14.48507022857666
0.0,-0.39999999999999997,14.584978342056274
0.0,-0.4448722889548853,14.685003995895386
0.0,-0.4413488701770181,14.785674810409546
0.0,-0.4409382013898145,14.884975671768188
0.0,-0.43014881171678243,14.984907627105713
0.0,-0.4119704848841619,15.084914922714233
0.0,-0.4466271563580162,15.184942483901978
0.0,-0.4316887441434357,15.28490662574768
0.0,-0.41703660801837317,15.385215282440186
0.0,-0.39999999999999997,15.484858512878418
0.0,-0.43146479380758185,15.584845781326294
0.0,-0.42264834454185096,15.68480110168457
0.0,-0.4075436422699376,15.78495979309082
0.0,-0.5,15.884926557540894
0.0,-0.477510959223697,15.985003232955933
0.0,-0.4597378056300313,16.084867477416992
0.0,-0.4494957346665231,16.185012817382812
0.0,-0.4260956883430482,16.28507423400879
0.0,-0.40597194119503643,16.38461923599243
0.0,-0.5,16.485077381134033
0.0,-0.44026368166270996,16.585205078125
0.0,-0.4218909621238709,16.685192346572876
0.0,-0.5,16.785515308380127
0.0,-0.4459414331536544,16.885121822357178
0.0,-0.5,16.985108613967896
0.0,-0.5,17.08512306213379
0.0,-0.5,17.18508815765381
0.0,-0.5,17.284995794296265
0.0,-0.5,17.384593725204468
0.0,-0.5,17.485084772109985
0.0,-0.5,17.58511972427368
0.0,-0.5,17.685168981552124
0.0,-0.5,17.785064935684204
0.0,-0.5,17.885202646255493
0.0,-0.5,17.98512601852417
0.0,-0.5,18.085260152816772
0.1,-0.48010381773898475,18.18515920639038
0.1,-0.5,18.285264492034912
0.1,-0.4798239394238121,18.38467025756836
0.1,-0.43189093439202564,18.485208988189697
0.1,-0.4801286132712114,18.585228204727173
0.1,-0.43277517055210296,18.685186862945557
0.1,-0.5,18.785359382629395
0.0,-0.4352651734101145,18.88529872894287
0.0,-0.4543224297071757,18.985373735427856
0.0,-0.45084689541866907,19.085458755493164
0.0,-0.4381744987086245,19.18538761138916
0.1,-0.5,19.285318613052368
0.1,-0.5,19.384900093078613
0.0,-0.5,19.485461473464966
0.1,-0.5,19.58546209335327
0.1,-0.5,19.68548011779785
0.1,-0.5,19.785452127456665
0.1,-0.48147377716867545,19.8854877948761
0.1,-0.450119159723583,19.985434770584106
0.0,-0.42110164040013354,20.08545160293579
0.1,-0.5,20.185468912124634
0.1,-0.5,20.28543758392334
0.1,-0.4866249915800597,20.384979009628296
0.1,-0.3150385009615044,20.48545241355896
0.0,-0.44261542119477926,20.585579872131348
0.1,-0.24306647212881827,20.685498237609863
0.0,-0.5,20.78542947769165
0.0,-0.5,20.88543963432312
0.0,-0.5,20.985342502593994
0.0,-0.5,21.08540415763855
0.0,-0.5,21.18546223640442
0.0,-0.5,21.28546905517578
0.0,-0.5,21.38533878326416
0.0,-0.5,21.48534917831421
0.0,-0.5,21.5854914188385
0.0,-0.5,21.685455799102783
0.0,-0.5,21.78541088104248
0.0,-0.5,21.885379791259766
0.0,-0.5,21.985418796539307
0.0,-0.5,22.085378170013428
0.0,-0.5,22.18546986579895
0.0,-0.5,22.285433769226074
0.0,-0.5,22.385347604751587
0.0,-0.5,22.48539447784424
0.0,-0.5,22.585355043411255
0.0,-0.5,22.68549156188965
0.0,-0.5,22.7854061126709
0.0,-0.5,22.885327339172363
0.0,-0.5,22.985382556915283
0.1,-0.5,23.08519959449768
0.1,-0.5,23.185192108154297
0.1,-0.5,23.285359144210815
0.1,-0.5,23.38540530204773
0.1,-0.5,23.485506534576416
0.1,-0.5,23.585506200790405
0.1,-0.4893659064644262,23.68555498123169
0.0,0.0,23.788624048233032
0.29490429908037186,-0.47509266075335055,23.885587692260742
0.28297431766986847,-0.5,23.985414266586304
0.3010078329278062,-0.5,24.08545184135437
0.30162754131630165,-0.5,24.185393810272217
0.3002595215662134,-0.4813284961800826,24.28542447090149
0.3003325396912603,-0.465724629163742,24.38532590866089
0.3001652923016235,-0.47443215250968934,24.485386848449707
0.30151873628079595,-0.44171462655067445,24.585317850112915
0.3011236724765992,-0.4314458787441254,24.68535280227661
0.30056772875513726,-0.4265489101409912,24.785340070724487
0.3016186834657997,-0.4362806797027588,24.885376930236816
0.3009670467005602,-0.37459618480581985,24.985273122787476
0.300852293751374,-0.3953898044008958,25.085748195648193
0.1,-0.40486998558044435,25.185293436050415
-0.1,0.0,25.28417444229126
-0.1,0.0,25.383912801742554
0.0,0.39999999999999997,25.483967781066895
0.0,0.39999999999999997,25.584073781967163
0.0,0.39999999999999997,25.684109449386597
0.0,0.39999999999999997,25.7843337059021
0.0,0.39999999999999997,25.884242296218872
0.0,0.39999999999999997,25.984227895736694
0.0,0.39999999999999997,26.084184169769287
0.0,0.39999999999999997,26.18422031402588
0.0,0.39999999999999997,26.284269094467163
0.0,0.39999999999999997,26.384146213531494
0.0,0.39999999999999997,26.484275817871094
0.0,0.39999999999999997,26.58413314819336
0.0,0.39999999999999997,26.684262990951538
0.0,0.39999999999999997,26.784203052520752
0.0,0.39999999999999997,26.88450837135315
0.0,0.39999999999999997,26.98427391052246
0.0,0.39999999999999997,27.084263801574707
0.0,0.39999999999999997,27.18426752090454
0.0,0.39999999999999997,27.284139156341553
0.0,0.39999999999999997,27.384196758270264
0.0,0.39999999999999997,27.484097003936768
0.0,0.39999999999999997,27.58419394493103
0.0,0.39999999999999997,27.684231758117676
0.0,0.39999999999999997,27.784183263778687
0.0,0.39999999999999997,27.884211778640747
0.0,0.39999999999999997,27.984195232391357
0.0,0.39999999999999997,28.084140300750732
0.0,0.39999999999999997,28.184186697006226
0.0,0.39999999999999997,28.284223079681396
0.0,0.39999999999999997,28.38419198989868
0.0,0.39999999999999997,28.484185457229614
0.0,0.39999999999999997,28.584219455718994
0.0,0.39999999999999997,28.68424105644226
0.0,0.39999999999999997,28.784342050552368
0.0,0.39999999999999997,28.88425040245056
0.0,0.39999999999999997,28.984349250793457
0.0,0.39999999999999997,29.0841646194458
0.0,0.39999999999999997,29.184221506118774
0.0,0.4275587624625156,29.284156799316406
0.0,0.4166858315467833,29.384258270263672
0.0,0.39999999999999997,29.484264612197876
0.0,0.39999999999999997,29.584212064743042
0.0,0.39999999999999997,29.684242010116577
0.0,0.4404902746802885,29.785415649414062
0.0,0.42433647042826594,29.88541555404663
0.0,0.39999999999999997,29.985350370407104
0.0,0.39999999999999997,30.085366249084473
0.0,0.44037959607023974,30.18534779548645
0.0,0.4285424376788893,30.285408973693848
0.0,0.41913336233088855,30.385416984558105
0.0,0.39999999999999997,30.485400199890137
0.0,0.4999999999999995,30.585221767425537
0.0,0.48636517650202743,30.685288429260254
0.0,0.464881769606942,30.78546905517578
0.0,0.5,30.885475635528564
0.0,0.5000000000000003,30.986228227615356
0.0,0.48345819147009633,31.0854172706604
0.0,0.468041327125148,31.185356616973877
0.0,0.4999999999999999,31.285415172576904
0.0,0.48874065060364535,31.385311126708984
0.0,0.4685588899411652,31.48546862602234
0.0,0.4546054137380499,31.585407972335815
0.0,0.48926057250876176,31.685361623764038
0.0,0.47524536785326477,31.785175800323486
0.0,0.4999999999999995,31.88521909713745
0.0,0.49017237926784346,31.985275506973267
0.0,0.48094389815079513,32.085312604904175
0.1,0.4731398770683689,32.185309648513794
0.1,0.438464719370792,32.28527355194092
0.1,0.4041601168481925,32.38531947135925
0.1,0.38303119571585403,32.48528027534485
0.1,0.48687685100655764,32.5851788520813
0.1,0.4732083101021618,32.68520164489746
0.1,0.4507455261130083,32.78524374961853
0.1,0.4589767054507604,32.885335206985474
0.1,0.28756450414657586,32.985231161117554
0.1,0.3225273725233579,33.08558750152588
0.1,0.3040431399094431,33.1852490901947
0.1,0.34298076817863854,33.28521513938904
0.1,0.4812354345070686,33.38537669181824
0.1,0.48084481233044696,33.48517203330994
0.1,0.4855011099263245,33.58516311645508
0.1,0.486478389250605,33.68505144119263
0.1,0.47664269836325424,33.78519058227539
0.1,0.47778621661035653,33.8851261138916
0.1,0.4774810910224913,33.986814737319946
0.1,0.38434600453627715,34.0851571559906
0.1,0.4797548858742965,34.185210943222046
0.1,0.44254791109185476,34.28514337539673
0.1,0.3914004877993937,34.38518166542053
0.1,0.38179145173022605,34.485196352005005
0.1,0.37992864157024203,34.58513617515564
0.1,0.39754882109792605,34.68562865257263
0.0,0.39999999999999997,34.78516149520874
0.0,0.39999999999999997,34.88513422012329
0.0,0.39999999999999997,34.985098123550415
0.0,0.39999999999999997,35.08743906021118
0.0,0.39999999999999997,35.185142040252686
0.0,0.39999999999999997,35.28809571266174
0.0,0.39999999999999997,35.385061502456665
0.0,0.39999999999999997,35.485584020614624
0.0,0.39999999999999997,35.586857080459595
0.0,0.39999999999999997,35.68696713447571
0.0,0.39999999999999997,35.78547716140747
0.0,0.39999999999999997,35.8850622177124
0.0,0.39999999999999997,35.98552370071411
0.0,0.39999999999999997,36.08509016036987
0.0,0.39999999999999997,36.18509221076965
0.0,0.39999999999999997,36.28527116775513
0.0,0.39999999999999997,36.38512420654297
0.0,0.39999999999999997,36.48554730415344
0.0,0.39999999999999997,36.58535575866699
0.0,0.39999999999999997,36.684808015823364
0.0,0.39999999999999997,36.78498601913452
0.0,0.39999999999999997,36.88501501083374
0.0,0.39999999999999997,36.985107421875
0.0,0.39999999999999997,37.08502769470215
0.0,0.39999999999999997,37.18518614768982
0.0,0.39999999999999997,37.28511667251587
0.0,0.39999999999999997,37.38515830039978
0.0,0.39999999999999997,37.48546385765076
0.0,0.39999999999999997,37.58515763282776
0.0,0.4170205524093228,37.68511080741882
0.0,0.39999999999999997,37.78512263298035
0.0,0.39999999999999997,37.8850679397583
0.0,0.39999999999999997,37.985002517700195
0.0,0.39999999999999997,38.085081338882446
0.0,0.39999999999999997,38.185309410095215
0.1,0.0,38.285027742385864
0.1,0.0,38.385053873062134
0.1,0.0,38.48524737358093
0.1,0.0,38.58600401878357
0.1,-0.03164684474468232,38.6851863861084
0.1,-0.10913218259811404,38.78498315811157
0.1,-0.15836157351732255,38.88492298126221
0.1,-0.21149893831461672,38.98537349700928
0.1,-0.2250565093010664,39.08470344543457
0.1,-0.25156682894418114,39.184860706329346
0.0,-0.39999999999999997,39.28523516654968
0.0,-0.39999999999999997,39.38487458229065
0.0,-0.39999999999999997,39.48524355888367
0.0,-0.39999999999999997,39.58483266830444
0.0,-0.39999999999999997,39.685314893722534
0.0,-0.4008575917858826,39.78538799285889
0.0,-0.4594179253829152,39.884989976882935
0.0,-0.4445660738568556,39.984776973724365
0.0,-0.41192831742136116,40.084715127944946
0.0,-0.41287892053001807,40.18493914604187
0.0,-0.401191465791903,40.284842014312744
0.0,-0.41048514968470506,40.38521361351013
0.0,-0.4247572290269953,40.48541283607483
0.0,-0.39999999999999997,40.58525323867798
0.0,-0.39999999999999997,40.684693574905396
0.0,-0.4425247443349738,40.785011529922485
0.0,-0.4181546374371177,40.88497591018677
0.0,-0.4141747844846626,40.98512101173401
0.0,-0.39999999999999997,41.08526825904846
0.0,-0.4266482052050138,41.184863328933716
0.0,-0.41359913600118536,41.28502655029297
0.0,-0.4062343556629983,41.38537812232971
0.0,-0.43991979329209574,41.48483324050903
0.0,-0.4255092922009919,41.586732387542725
0.0,-0.40387013836910857,41.68502187728882
0.0,-0.4388352397241089,41.78497338294983
0.0,-0.4222231667292744,41.88494801521301
0.0,-0.4084164217898718,41.98523569107056
0.0,-0.5,42.084964990615845
0.0,-0.4732111366171587,42.1850380897522
0.0,-0.4772200634605006,42.28509283065796
0.0,-0.46131206468531955,42.38502597808838
0.0,-0.5,42.48512411117554
0.0,-0.49117714731316814,42.58518600463867
0.0,-0.478627808470475,42.68506073951721
0.0,-0.5,42.78507614135742
0.0,-0.48383103420859885,42.88736939430237
0.0,-0.5,42.991851568222046
0.0,-0.5,43.089961767196655
0.0,-0.5,43.191176652908325
0.0,-0.5,43.287039041519165
0.0,-0.485206803522612,43.38517451286316
0.0,-0.46685755629288517,43.487523555755615
0.0,-0.5,43.59091663360596
0.0,-0.5,43.685117959976196
0.0,-0.5,43.78512644767761
0.0,-0.5,43.88503909111023
0.0,-0.5,43.9852180480957
0.0,-0.5,44.08506631851196
0.0,-0.5,44.19139003753662
0.0,-0.5,44.285475730895996
0.0,-0.5,44.3851683139801
0.0,-0.5,44.48900318145752
0.0,-0.5,44.58535552024841
0.0,-0.5,44.68594932556152
0.0,-0.5,44.78665018081665
0.0,-0.5,44.88615703582764
0.0,-0.5,44.98590350151062
0.0,-0.5,45.085617542266846
0.0,-0.5,45.18540406227112
0.0,-0.5,45.2855110168457
0.0,-0.5,45.38589787483215
0.0,-0.5,45.48527216911316
0.0,-0.5,45.58511281013489
0.0,-0.5,45.68519926071167
0.0,-0.5,45.785375356674194
0.0,-0.5,45.88583707809448
0.0,-0.5,45.9858341217041
0.0,-0.4773963049838417,46.08547925949097
0.0,-0.469488233014157,46.185436964035034
0.0,-0.5,46.285677909851074
0.0,-0.5,46.38536739349365
0.0,-0.5,46.48541498184204
0.0,-0.5,46.58583950996399
0.0,-0.5,46.68619394302368
0.0,-0.5,46.785351037979126
0.0,-0.5,46.8860502243042
0.0,-0.5,46.985936880111694
0.0,-0.5,47.08707237243652
0.0,-0.5,47.189273834228516
0.0,-0.5,47.2878782749176
0.0,-0.5,47.38923215866089
0.0,-0.48562387918171135,47.48677086830139
0.0,-0.5,47.58961534500122
0.0,-0.5,47.68535327911377
0.0,-0.5,47.78536534309387
0.0,-0.5,47.886778831481934
0.0,-0.5,47.98692464828491
0.0,-0.48707561618403383,48.08524441719055
0.0,-0.5,48.18529653549194
0.0,-0.5,48.286731243133545
0.0,-0.5,48.38731813430786
0.0,-0.5,48.487242221832275
0.0,-0.5,48.58530402183533
0.0,-0.5,48.685248374938965
0.0,-0.5,48.78511142730713
0.0,-0.5,48.88532519340515
0.0,-0.5,48.98523449897766
0.0,-0.5,49.08550477027893
0.0,-0.5,49.1884708404541
0.1,-0.47985558007892815,49.28531002998352
0.1,-0.5,49.385366678237915
0.1,-0.48157394434276385,49.48539876937866
0.1,-0.45684255800749135,49.58544611930847
0.1,-0.5,49.68851351737976
0.1,-0.45882356543289976,49.78539228439331
0.0,-0.5,49.88541865348816
0.0,-0.5,49.98596477508545
0.0,-0.5,50.085676431655884
0.0,-0.5,50.18562078475952
0.1,-0.5,50.285359621047974
0.1,-0.5,50.384809255599976
0.1,-0.5,50.4848051071167
0.1,-0.5,50.5850191116333
0.1,-0.5,50.68496298789978
0.0,-0.5,50.78500270843506
0.0,-0.48927296713778845,50.885066509246826
0.0,-0.49082952361357834,50.98501110076904
0.0,-0.4728431400499847,51.085164070129395
0.0,-0.46258537141900313,51.1852593421936
0.0,-0.4485096824796577,51.285656213760376
0.0,-0.43187850901955044,51.38595104217529
0.0,-0.4069441971025969,51.484939098358154
0.0,-0.4300061520777249,51.5846791267395
0.0,-0.4310643939595472,51.68454933166504
0.0,-0.40028795788162624,51.78465390205383
0.0,-0.418790330384907,51.88475179672241
0.0,-0.4038729623744361,51.98470187187195
0.0,-0.4290574193000794,52.087478160858154
0.0,-0.4148298746661137,52.18495726585388
0.0,-0.40485496301400054,52.28544902801514
0.0,-0.4157162741610877,52.38477158546448
0.0,-0.39999999999999997,52.48496150970459
0.0,-0.4423837950355128,52.584880113601685
0.0,-0.43305031876814987,52.68485689163208
0.0,-0.4229889192079243,52.78491020202637
0.0,-0.39999999999999997,52.8859965801239
0.0,-0.44296399919610274,52.985013484954834
0.0,-0.4199978608834116,53.085163831710815
0.0,-0.4065696515535055,53.18502497673035
0.0,-0.44818996504733444,53.284985303878784
0.0,-0.425978970527649,53.38500761985779
0.0,-0.41657548546791084,53.485217332839966
0.0,-0.39999999999999997,53.58522176742554
0.0,-0.43375379474539494,53.68498182296753
0.0,-0.4155244915108933,53.785077810287476
0.0,-0.39999999999999997,53.88561487197876
0.0,-0.44127842250623206,53.98477029800415
0.0,-0.41905562438462896,54.084895849227905
0.0,-0.40756248863119804,54.18510103225708
0.0,-0.5,54.2847158908844
0.0,-0.48843398784336284,54.3849151134491
0.0,-0.46971372679660195,54.48539161682129
0.1,-0.5,54.58539700508118
0.1,-0.4555450332792181,54.68536424636841
0.0,-0.48147787420373217,54.78542137145996
0.1,-0.4165820517038044,54.88580870628357
0.1,-0.3801878998154087,54.98543620109558
0.1,-0.5,55.08530855178833
0.1,-0.4869556357986048,55.18513512611389
0.1,-0.5,55.28533697128296
0.1,-0.33193743228912365,55.38539266586304
0.1,-0.5,55.485694885253906
0.1,-0.5,55.58531379699707
0.1,-0.46733665905500715,55.685158252716064
0.0,-0.46518794611880654,55.78531265258789
0.0,-0.5,55.885319232940674
0.0,-0.5,55.98531103134155
0.0,-0.5,56.0853316783905
0.0,-0.5,56.18532419204712
0.0,-0.5,56.285305976867676
0.0,-0.5,56.38553237915039
0.1,-0.46434863993996084,56.48563313484192
0.1,-0.4338820306878342,56.58545780181885
0.1,-0.4794297456741333,56.685261487960815
0.1,-0.4224673575476595,56.78539323806763
0.0,-0.5,56.88540697097778
0.1,-0.4498064367394699,56.98714518547058
0.1,-0.3714083370409511,57.08546328544617
0.0,-0.5,57.186981439590454
0.1,-0.33912701418525326,57.285624980926514
0.0,-0.5,57.38589549064636
0.1,-0.2822915779916864,57.485334634780884
0.0,-0.5,57.585832357406616
0.0,-0.5,57.68549871444702
0.0,-0.5,57.78550958633423
0.0,-0.5,57.88546347618103
0.0,-0.5,57.98558855056763
0.0,-0.5,58.085320234298706
0.0,-0.5,58.18535923957825
0.0,-0.5,58.28543710708618
0.0,-0.5,58.38528323173523
0.0,-0.5,58.48578953742981
0.0,-0.5,58.58533263206482
0.0,-0.4808149952637522,58.68548083305359
0.1,-0.5,58.78538227081299
0.0,-0.5,58.88598680496216
0.1,-0.46579533878125634,58.9858877658844
0.1,-0.5,59.085569620132446
0.1,-0.5,59.18565607070923
0.0,-0.49134008445237815,59.28559327125549
0.0,-0.5,59.386008501052856
0.0,-0.5,59.48579239845276
0.0,-0.5,59.585582971572876
0.0,-0.5,59.6855788230896
0.0,-0.5,59.785632610321045
0.0,-0.5,59.885642766952515
0.0,-0.5,59.985456466674805
0.0,-0.5,60.0856671333313
0.0,-0.5,60.185529708862305
0.0,-0.5,60.285621643066406
0.0,-0.5,60.38555884361267
0.0,-0.5,60.48560285568237
0.0,-0.5,60.58532214164734
0.0,-0.5,60.68545889854431
0.0,-0.5,60.78531360626221
0.0,-0.5,60.885488986968994
0.0,-0.5,60.98559212684631
0.0,-0.47616535487927875,61.08565354347229
0.0,-0.4592449213329115,61.18549108505249
0.0,-0.5,61.285497426986694
0.0,-0.4821216984799033,61.38549733161926
0.0,-0.45893814438267766,61.48555946350098
0.0,-0.4486100171741687,61.5855770111084
0.0,-0.43042352262296174,61.68558931350708
0.0,-0.4082553211011386,61.785364627838135
0.0,-0.39999999999999997,61.885430097579956
0.0,-0.43816769907349046,61.98552656173706
0.0,-0.4218057638720463,62.08517003059387
0.0,-0.40749909720922767,62.18524980545044
0.0,-0.44305382653286585,62.285282611846924
0.0,-0.42699294184383607,62.38509726524353
0.0,-0.4110812249936557,62.48509693145752
0.0,-0.39999999999999997,62.58536171913147
0.0,-0.43512607405060233,62.6851532459259
0.0,-0.4134770399645754,62.785109519958496
0.0,-0.40675821555288216,62.88529300689697
0.0,-0.43675827666332834,62.9852876663208
0.0,-0.4319567015296534,63.08530116081238
0.0,-0.4074517751994886,63.18515992164612
0.0,-0.4028617532629717,63.285231828689575
0.0,-0.43870316837963313,63.38526749610901
0.0,-0.41481072369374716,63.48564028739929
0.0,-0.40633887491728116,63.585076332092285
0.0,-0.4464128306037501,63.685121297836304
0.1,-0.2929248414541549,63.785017251968384
0.1,0.0,63.88539266586304
0.1,-0.23164497174714777,63.98513889312744
0.1,-0.22117788383835224,64.08524489402771
0.1,-0.2034673740989282,64.18507766723633
0.0,-0.46557272390315413,64.28521680831909
0.0,-0.39999999999999997,64.3852310180664
0.0,-0.39999999999999997,64.48498010635376
0.0,-0.4025584490675675,64.58537673950195
0.0,-0.39999999999999997,64.68545842170715
0.0,-0.4068805694580078,64.78524422645569
0.0,-0.39999999999999997,64.88537359237671
0.0,-0.4290626347064972,64.98538017272949
0.0,-0.4115045001632288,65.08549690246582
0.0,-0.4011710744155079,65.18517971038818
0.0,-0.4254452052869294,65.2853331565857
0.0,-0.4125180834218076,65.38536477088928
0.0,-0.4068586562809192,65.48492050170898
0.0,-0.4161302848866111,65.58534097671509
0.0,-0.4386175908540424,65.68524193763733
0.0,-0.40567922780388277,65.78525710105896
0.0,-0.39999999999999997,65.88548970222473
0.0,-0.4013254504454762,65.9852876663208
0.0,-0.44397497553574405,66.08528757095337
0.0,-0.43115065599742686,66.18530249595642
0.0,-0.41000010967254646,66.28519010543823
0.0,-0.40480847452816204,66.38507342338562
0.0,-0.4433359510020205,66.48458456993103
0.0,-0.42054961480592407,66.58503913879395
0.0,-0.40213391529886344,66.68506646156311
0.0,-0.5,66.78513407707214
0.0,-0.47657229586651445,66.88509607315063
0.0,-0.46783668398857126,66.98506903648376
0.0,-0.4486922872693914,67.0851902961731
0.0,-0.4362398624420166,67.18526530265808
0.0,-0.41300135913648095,67.28508949279785
0.0,-0.39999999999999997,67.3851044178009
0.0,-0.5,67.48515915870667
0.0,-0.4790245156539114,67.58531093597412
0.0,-0.464750663857711,67.68531250953674
0.0,-0.4449859123480946,67.78520369529724
0.0,-0.5,67.88543820381165
0.0,-0.5,67.98511528968811
0.0,-0.5,68.08519077301025
0.0,-0.5,68.18509840965271
0.0,-0.48906420186946264,68.28523802757263
0.0,-0.48197997745714694,68.38547253608704
0.0,-0.5,68.484943151474
0.0,-0.5,68.58531451225281
0.0,-0.5,68.68530917167664
0.0,-0.5,68.78532481193542
0.0,-0.5,68.88542056083679
0.0,-0.5,68.98525142669678
0.0,-0.5,69.08537197113037
0.1,-0.40716241911837886,69.1854784488678
0.1,-0.46063619914807763,69.28536891937256
0.1,-0.4906836428140339,69.3855230808258
0.1,-0.4574690530174656,69.48545122146606
0.1,-0.4357298543578699,69.58536887168884
0.1,-0.5,69.68523097038269
0.0,-0.4875932988367583,69.78519225120544
0.0,-0.4880911199670089,69.88532161712646
0.0,-0.49012243057552135,69.98530530929565
0.0,-0.5,70.08533954620361
0.0,-0.5,70.18560099601746
0.0,-0.5,70.2856068611145
0.0,-0.5,70.38595747947693
0.0,-0.4867903295316194,70.48556590080261
0.0,-0.46743457568319224,70.58565020561218
0.0,-0.44951818742250127,70.68564200401306
0.0,-0.5,70.7855715751648
0.0,-0.4775424116536191,70.88573837280273
0.0,-0.4691275747198807,70.98577928543091
0.0,-0.5,71.08584856987
0.0,-0.5,71.1856963634491
0.0,-0.5,71.28555297851562
0.0,-0.5,71.38558197021484
0.0,-0.4898908132000973,71.48607897758484
0.0,-0.46942752097782336,71.5856363773346
0.0,-0.42354958182887037,71.68543291091919
0.1,-0.5,71.78553199768066
0.1,-0.5,71.88563799858093
0.1,-0.46856141215876523,71.98558735847473
0.1,-0.45899986969797224,72.08560132980347
0.0,-0.5,72.18560075759888
0.0,-0.5,72.28559756278992
0.0,-0.5,72.38559198379517
0.0,-0.5,72.48547315597534
0.0,-0.5,72.58543252944946
0.0,-0.5,72.68542551994324
0.0,-0.5,72.78547239303589
0.0,-0.5,72.88574528694153
0.0,-0.5,72.9857428073883
0.0,-0.5,73.08563327789307
0.0,-0.5,73.18551349639893
0.0,-0.5,73.28555274009705
0.1,-0.5,73.38545656204224
0.1,-0.5,73.48554587364197
0.1,-0.5,73.58570146560669
0.1,-0.5,73.68548059463501
0.0,-0.5,73.78565621376038
0.0,-0.49058637744502015,73.8854992389679
0.1,-0.5,73.98555278778076
0.1,-0.5,74.08532905578613
0.1,-0.5,74.1852695941925
0.0,-0.39999999999999997,74.28542923927307
0.1,-0.5,74.38549375534058
0.1,-0.5,74.48504614830017
0.1,-0.5,74.58591675758362
0.0,-0.41014610528945933,74.68564057350159
0.0,-0.5,74.78578162193298
0.0,-0.5,74.88576483726501
0.0,-0.5,74.9857976436615
0.0,-0.5,75.08576345443726
0.0,-0.5,75.1855366230011
0.0,-0.5,75.2854392528534
0.0,-0.4828181128752859,75.38530850410461
0.0,-0.4651473572379665,75.48514723777771
0.0,-0.44692244906174505,75.5852222442627
0.0,-0.4281314743192574,75.68520832061768
0.0,-0.40770563389125636,75.78528308868408
0.0,-0.43741095944454805,75.88515281677246
0.0,-0.42169210408863256,75.98512935638428
0.0,-0.41577751730617724,76.08505296707153
0.0,-0.39999999999999997,76.18509006500244
0.0,-0.39999999999999997,76.28506827354431
0.0,-0.42105170551099275,76.385324716568
0.0,-0.4097629898472835,76.48522329330444
0.0,-0.45301036834716807,76.58523893356323
0.0,-0.43043321622045416,76.68516802787781
0.0,-0.4170015435469776,76.78516125679016
0.0,-0.39999999999999997,76.88540363311768
0.0,-0.4056152870780543,76.98513746261597
0.0,-0.42917132691333165,77.08511018753052
0.0,-0.41718237901988775,77.18534278869629
0.0,-0.4000481370248295,77.28516674041748
0.0,-0.41290678726999397,77.38548159599304
0.0,-0.39999999999999997,77.48550605773926
0.0,-0.45789625738796436,77.58523416519165
0.0,-0.440023432279888,77.68531775474548
0.0,-0.4030799680634547,77.7853217124939
0.0,-0.4255566873048481,77.88530802726746
0.0,-0.4034266992619162,77.98523187637329
0.0,-0.4093296239250583,78.08511114120483
0.0,-0.4864068558341578,78.18520069122314
0.0,-0.42017165861631683,78.28509187698364
0.0,-0.39999999999999997,78.38524031639099
0.0,-0.43993907068905086,78.48476982116699
0.0,-0.42714157167233924,78.5851788520813
0.0,-0.4040941665047094,78.68517923355103
0.0,-0.39999999999999997,78.78513073921204
0.0,-0.43641474999879537,78.88531470298767
0.0,-0.41862105946791783,78.98513984680176
0.0,-0.40725991318100363,79.08535099029541
0.0,-0.4220543246520194,79.1853449344635
0.0,-0.41913119680003114,79.28493404388428
0.0,-0.4101035943156796,79.38506507873535
0.0,-0.5,79.48478317260742
0.0,-0.47798812577598965,79.58525586128235
0.0,-0.4710120288949263,79.68519043922424
0.0,-0.4482902062566657,79.78523373603821
0.0,-0.42791333449514285,79.88541913032532
0.0,-0.4200550948318683,79.98518538475037
0.0,-0.40100196286251677,80.08531665802002
0.0,-0.5,80.18528604507446
0.0,-0.5,80.28526735305786
0.0,-0.5,80.3852767944336
0.0,-0.48992639403594174,80.48543572425842
0.0,-0.4713157773017883,80.58534145355225
0.0,-0.45565851738578395,80.6852695941925
0.0,-0.5,80.78535461425781
0.0,-0.5,80.88550591468811
0.0,-0.5,80.98548173904419
0.0,-0.5,81.08524775505066
0.0,-0.4907357906040392,81.18528151512146
0.0,-0.47153542669195886,81.28535676002502
0.0,-0.5,81.38536310195923
0.0,-0.5,81.48523545265198
0.0,-0.5,81.58517408370972
0.0,-0.5,81.68545126914978
0.0,-0.5,81.78527855873108
0.0,-0.5,81.88547992706299
0.0,-0.5,81.98540735244751
0.0,-0.5,82.08536696434021
0.0,-0.5,82.18570375442505
0.0,-0.5,82.28569793701172
0.0,-0.5,82.38570523262024
0.0,-0.5,82.48599123954773
0.0,-0.5,82.58557915687561
0.0,-0.4907735297554417,82.6854476928711
0.0,-0.46816790386250134,82.78538393974304
0.0,-0.4538990986974616,82.88558530807495
0.0,-0.444862320234901,82.98911881446838
0.0,-0.4204120372471057,83.08571529388428
0.0,-0.4076903192620529,83.18547797203064
0.0,-0.5,83.28553009033203
0.0,-0.5,83.38571786880493
0.0,-0.5,83.48555994033813
0.0,-0.48910409619933687,83.58561897277832
0.0,-0.4745257885832535,83.68552207946777
0.0,-0.459630570913616,83.78546071052551
0.0,-0.5,83.88560438156128
0.0,-0.5,83.98599767684937
0.0,-0.5,84.08561158180237
0.0,-0.5,84.1857442855835
0.0,-0.5,84.2855212688446
0.0,-0.5,84.38552117347717
0.0,-0.5,84.48560094833374
0.0,-0.5,84.58581352233887
0.0,-0.5,84.68557548522949
0.0,-0.5,84.7857232093811
0.0,-0.5,84.88565325737
0.0,-0.5,84.98563265800476
0.0,-0.5,85.08601546287537
0.0,-0.5,85.18565464019775
0.0,-0.49095499452791713,85.28561305999756
0.0,-0.5,85.38559198379517
0.0,-0.5,85.48552799224854
0.0,-0.5,85.58513259887695
0.0,-0.5,85.6851897239685
0.0,-0.5,85.7854151725769
0.0,-0.4906101628353721,85.88537669181824
0.0,-0.48058462644878186,85.98539400100708
0.0,-0.46155192726536814,86.08542275428772
0.0,-0.4417126580288535,86.18547415733337
0.0,-0.5,86.28554368019104
0.0,-0.47791302078648606,86.38543677330017
0.0,-0.456227537832762,86.48512530326843
0.0,-0.4396834210345617,86.58531522750854
0.0,-0.42611617540058344,86.68527698516846
0.0,0.0,86.78396248817444
0.0,0.0,86.88430500030518
0.0,0.0,86.98401379585266
0.0,0.0,87.08405256271362
0.0,0.0,87.18394136428833
0.0,-0.39999999999999997,87.28544759750366
0.0,-0.39999999999999997,87.38516306877136
0.0,-0.40776033401489264,87.48483610153198
0.0,-0.5,87.58558654785156
0.0,-0.5,87.68542528152466
0.0,-0.5,87.78573226928711
0.0,-0.5,87.88570189476013
0.0,-0.5,87.98568725585938
0.0,-0.5,88.08558368682861
0.0,-0.5,88.18531823158264
0.0,0.0,88.2839572429657
0.0,-0.39999999999999997,88.68631148338318
0.0,-0.39999999999999997,88.78525805473328
0.0,-0.39999999999999997,88.8850965499878
0.0,-0.5,88.98503398895264
0.0,-0.5,89.0850727558136
0.0,-0.5,89.18517112731934
0.0,-0.5,89.28519582748413
0.0,-0.5,89.3851706981659
0.0,-0.5,89.48469638824463
0.0,-0.5,89.5850784778595
0.0,-0.5,89.68512415885925
0.0,-0.5,89.78458666801453
0.0,-0.5,89.88475823402405
0.0,-0.5,89.98487877845764
0.0,-0.5,90.08473515510559
0.0,-0.5,90.18496465682983
0.0,-0.5,90.28547883033752
0.0,-0.5,90.38546586036682
0.0,-0.5,90.485586643219
0.0,-0.5,90.58537197113037
0.0,-0.5,90.68531966209412
0.0,-0.5,90.78564500808716
0.0,-0.5,90.88533926010132
0.0,-0.5,90.98522448539734
0.0,-0.5,91.08535504341125
0.0,-0.5,91.18512868881226
0.0,-0.5,91.28534150123596
0.0,-0.5,91.38537836074829
0.0,-0.5,91.48554491996765
0.0,-0.5,91.5851502418518
0.0,-0.5,91.68516206741333
0.0,-0.5,91.78518676757812
0.0,-0.5,91.88522291183472
0.0,-0.5,91.98526859283447
0.0,-0.5,92.08529925346375
0.0,-0.5,92.18535590171814
0.0,-0.4920875643429004,92.28523087501526
0.0,-0.47049749650453265,92.38531160354614
0.0,-0.5,92.48535633087158
0.0,-0.5,92.58519721031189
0.0,-0.5,92.68533253669739
0.0,-0.5,92.78522968292236
0.0,-0.5,92.88534235954285
0.0,-0.5,92.98550152778625
0.0,-0.5,93.08548879623413
0.0,-0.4933859385942158,93.18530225753784
0.0,-0.5,93.2853147983551
0.0,-0.5,93.38545608520508
0.0,-0.4950157052592227,93.485524892807
0.0,-0.4727785813181025,93.58541107177734
0.0,-0.4330986625269841,93.6852605342865
0.0,-0.41443255826046593,93.78523397445679
0.0,-0.39999999999999997,93.88517594337463
0.1,-0.5,93.98520946502686
0.1,-0.5,94.08522605895996
0.1,-0.5,94.1852240562439
0.1,-0.5,94.2854061126709
0.1,-0.5,94.38527631759644
0.1,-0.5,94.48543500900269
0.1,-0.5,94.58520579338074
0.1,-0.5,94.68525815010071
0.0,-0.41240088061282526,94.78509426116943
0.0,-0.40006489565497966,94.88518953323364
0.1,-0.5,94.98509335517883
0.1,-0.5,95.08517384529114
0.1,-0.5,95.18506455421448
0.1,-0.5,95.28528022766113
0.1,-0.5,95.38544917106628
0.1,-0.4528199559763858,95.48577761650085
0.1,-0.429721320302863,95.58539485931396
0.1,-0.42118318175014696,95.68562078475952
0.1,-0.4081414266636497,95.78561902046204
0.1,-0.3986623613457932,95.8856635093689
0.1,-0.3228280431345891,95.98565077781677
0.1,-0.3150167063662883,96.08566045761108
0.1,-0.2919855356216432,96.18554902076721
0.1,-0.2767348819657377,96.2855703830719
0.1,-0.25267012464372735,96.3857798576355
0.1,-0.24476349008710788,96.48570442199707
0.1,-0.23774537569598164,96.58569288253784
0.1,-0.22442106196754846,96.68571829795837
0.1,-0.21973386908832335,96.78564357757568
0.1,-0.20788115764919068,96.88571429252625
0.1,-0.1275531913104809,96.98554730415344
0.1,-0.10596191255669829,97.08580374717712
0.1,-0.10921889763129372,97.18562126159668
0.1,-0.09278629375131495,97.28563046455383
0.1,-0.08362404939375415,97.38583207130432
0.1,-0.07700799907508643,97.48569536209106
0.1,-0.07150557676428236,97.58555197715759
0.1,-0.06635548495932624,97.68547797203064
0.1,0.0,97.78545475006104
0.1,0.0,97.88563704490662
0.1,0.0,97.9856288433075
0.1,0.0,98.0861349105835
0.1,0.0,98.18560743331909
0.1,0.0,98.28560256958008
0.1,0.0,98.38561677932739
0.1,0.0,98.48564386367798
0.1,0.0,98.5853533744812
0.1,0.0,98.68540143966675
0.1,0.06043234617498361,98.78570318222046
0.1,0.08774630645486084,98.88615465164185
0.1,0.0920124292765793,98.98699164390564
0.1,0.09558165034181189,99.0856101512909
0.1,0.07680696299985834,99.18545413017273
0.0,0.39999999999999997,99.28575420379639
0.0,0.39999999999999997,99.3855619430542
0.0,0.39999999999999997,99.48548316955566
0.0,0.39999999999999997,99.5853819847107
0.0,0.39999999999999997,99.68542695045471
0.0,0.39999999999999997,99.78594470024109
0.0,0.39999999999999997,99.88581418991089
0.0,0.39999999999999997,99.98659300804138
0.0,0.39999999999999997,100.08550953865051
0.0,0.39999999999999997,100.18558549880981
0.0,0.39999999999999997,100.28649163246155
0.0,0.39999999999999997,100.38585042953491
0.0,0.39999999999999997,100.48539733886719
0.0,0.39999999999999997,100.58483719825745
0.0,0.39999999999999997,100.68511152267456
0.24700952344574037,0.0,100.78501987457275
0.25014046352589503,0.0,100.8848512172699
0.2858908362686634,0.10630651116371154,100.98498368263245
0.30092825473301266,0.048047771893049526,101.08462882041931
0.30109172153980457,0.0,101.18494725227356
0.3009196642480314,-0.0230539801873659,101.28467154502869
0.1,0.0,101.38461470603943
0.1,-0.16332591772079466,101.48498344421387
0.1,-0.19168229009956123,101.58468413352966
0.1,-0.26089730933308597,101.68490219116211
0.1,-0.2541268214583397,101.7850432395935
0.1,-0.36755808607528084,101.88520431518555
0.1,-0.24993113389140673,101.98538422584534
0.1,-0.24461293000923953,102.08597755432129
0.1,-0.25708315482265065,102.18529868125916
0.1,-0.2586732222845679,102.28598165512085
0.1,-0.2671347721626883,102.38551306724548
0.1,-0.26217354975248636,102.48522090911865
0.1,-0.26051066674684215,102.58567309379578
0.1,-0.2437137173978905,102.68523788452148
0.1,-0.2438252944695321,102.7858772277832
0.1,0.0,102.88616728782654
0.1,0.0,102.9852557182312
0.1,0.0,103.08519053459167
0.1,0.0,103.18515658378601
0.1,0.02090234834896895,103.28613305091858
0.1,0.09536862718431573,103.38554358482361
0.1,0.117083690786048,103.48511147499084
0.1,0.10238070284065447,103.58492851257324
0.1,0.07275720736698096,103.68481063842773
0.1,0.21442499266643272,103.78462624549866
0.1,0.22891252087919334,103.8847143650055
0.1,0.1951719444049032,103.98483753204346
0.1,0.1764948680212623,104.084721326828
0.1,0.20931894575294693,104.18492126464844
0.1,0.271653755322883,104.28451609611511
0.1,0.25607939127244456,104.38478469848633
0.1,0.2402029434317037,104.48460960388184
0.1,0.3720844180960405,104.58463215827942
0.1,0.3509158824619495,104.68527746200562
0.1,0.3005708989344146,104.7849235534668
0.1,0.2661104252463892,104.88520622253418
0.1,0.22740369784204578,104.98507118225098
0.1,0.19184316145746333,105.08500289916992
0.1,0.35511273333900867,105.18496346473694
0.1,0.2954073171866568,105.28483748435974
0.1,0.2689083980886559,105.38497686386108
0.1,0.22882847064419798,105.4882640838623
0.1,0.38069769520508623,105.5846004486084
0.1,0.3222312550795706,105.68720579147339
0.1,0.24176728850916818,105.79022526741028
0.1,0.22200292850795547,105.8850417137146
0.1,0.2289959173453481,105.98757791519165
0.1,0.21600512172046465,106.08476686477661
0.1,0.2889688113802358,106.18494129180908
0.1,0.21593576528524097,106.28485321998596
0.1,0.20232430884712618,106.38522005081177
0.1,0.20472113082283422,106.48692727088928
0.1,0.2297607050130242,106.58480525016785
0.1,0.32688323933827257,106.68532156944275
0.1,0.3259437062238393,106.78512072563171
0.1,0.3236663830907721,106.8848090171814
0.1,0.29829730266018917,106.9854564666748
0.1,0.29018474189858695,107.0845947265625
0.1,0.269962265616969,107.18704843521118
0.1,0.2506922731274054,107.28611469268799
0.1,0.251857907834806,107.38564801216125
0.1,0.22680663811533067,107.48530626296997
0.1,0.2199897574751001,107.58461999893188
0.1,0.19965526038094575,107.68428540229797
0.1,0.19022364490910582,107.78434729576111
0.1,0.1748968143212168,107.8843092918396
0.1,0.17113672981136724,107.98411798477173
0.1,0.27094795798000537,108.08433318138123
0.1,0.14806845078342842,108.18426966667175
0.1,0.2567088823569449,108.28436732292175
0.1,0.2857298829053578,108.3844347000122
0.1,0.22814814605210956,108.48430562019348
0.30027812346816063,0.4366718025583971,108.5851674079895
0.29913969337940216,0.4515795500654925,108.68440866470337
0.30026840208653915,0.4511646691121554,108.78483176231384
0.3015451279955714,0.42259390071818714,108.88483262062073
0.3003099797171205,0.4081721666612125,108.98573803901672
0.30076554004902456,0.39726797656009083,109.08496165275574
0.1,0.28201363478836267,109.18530607223511
0.1,0.38887731150576954,109.28562307357788
0.1,0.36700149225561257,109.38516879081726
0.1,0.3381833951724203,109.48503541946411
0.1,0.3013400811898081,109.5849997997284
0.30063215672733234,0.3691878086642217,109.68502044677734
0.5017827821273734,0.372707527248483,109.78699254989624
0.501129074411403,0.32428749893840997,109.88683152198792
0.5020689440617341,0.29377011374423384,109.98641681671143
0.30084184203048303,0.1505426152021085,110.085613489151
0.1,0.10413786368934733,110.18475580215454
0.5030286005753378,0.17071835023203966,110.28508067131042
0.5023905926215774,0.2626322151798951,110.38606691360474
0.3015938013378414,0.14404952318260544,110.48537993431091
0.30036656716782195,0.13226482436845174,110.58494114875793
0.30112316291455843,0.19124411301393254,110.6853768825531
0.501916902316553,0.2356282898862111,110.7861750125885
0.5029896156334326,0.24097191707084054,110.88548612594604
0.3008089024964514,0.14042591185946215,110.9856915473938
0.300567704694486,0.18030597736911944,111.08502292633057
                                                                                                                                                                                                                                                                                                                                                                                                                                                                                                                                                                                                                                                                                                                                                                                                                                                                                                                                                                                                                                                                                                                                                                                                                                                                                                                                                                                                                                                                                                                                                                                                                                                                                                                                                                                                                                                                                                                                                                                                                                                                                                                                                                                                                                                                                                                                                                                                                                                                                                                                                                                                                                                                                                                                                                                                                                                                                                                                                                                                                                                                                       