0.012765523602987838,-0.0018575886704669967,0.0,0.0,8.622640514792149e-05,0.9999999962825035,0.22702360153198242
0.23331738266396232,0.013448709231585226,0.0,0.0,-0.0015039376939886093,0.9999988690850669,2.196711540222168
0.6478464939513388,0.022291498723587884,0.0,0.0,-0.02288267553074047,0.9997381572994776,3.5627315044403076
1.0702578175308168,0.012922815197051025,0.0,0.0,-0.02837456258737923,0.9995973610399214,4.968040704727173
1.484827743232569,0.016224605653356674,0.0,0.0,-0.027698695401199427,0.999616317530417,6.455708742141724
1.9000459160386807,0.004080727459742987,0.0,0.0,-0.01961269840621112,0.9998076525318392,7.852698564529419
2.1755190507748403,0.01031099994000141,0.0,0.0,0.2568253024816449,0.966457843884156,10.637491941452026
2.1700140692440706,0.026066330517188235,0.0,0.0,0.7085116771390586,0.7056990883922115,12.615506887435913
2.1645377512912525,0.041090748979073444,0.0,0.0,0.9671752613208832,0.25411023963799934,14.613968133926392
2.1460303719258236,0.04302169759059847,0.0,0.0,-0.9637165198593012,0.26692783547295534,16.592219829559326
2.1284949181446216,0.038625030918117295,0.0,0.0,-0.7002890004951454,0.7138594510024436,18.58968734741211
2.135250043938238,0.02286930702102994,0.0,0.0,-0.2510316592283843,0.9679788768692447,20.548524379730225
2.347521873060703,0.053285921350169616,0.0,0.0,0.07267223095079588,0.9973558777330358,22.683977365493774
2.7526610280123216,0.0773529966875803,0.0,0.0,-0.06254919492394151,0.9980418819941209,24.90061378479004
3.175410436259134,0.03790186831107993,0.0,0.0,-0.04987975133003443,0.9987552304780456,26.272968292236328
3.572946915875504,0.007315222965386448,0.0,0.0,-0.04192749026490354,0.9991206561572463,30.545618295669556
3.9934762848116647,-0.022574289561516143,0.0,0.0,-0.033057443818249835,0.9994534533474799,35.21419405937195
4.404895781897676,-0.04729263013826343,0.0,0.0,-0.015388478968887951,0.9998815903470891,36.59976506233215
4.810651268897298,-0.05001440249367965,0.0,0.0,0.007584921726780375,0.9999712340674599,37.97588849067688
5.210876655805199,-0.034089074183904874,0.0,0.0,0.013979623746619752,0.9999022802853802,39.350141763687134
5.627748369541253,-0.01755470388416249,0.0,0.0,0.010963609959970193,0.999939897822187,40.801234006881714
6.049730865764287,0.015171439324000734,0.0,0.0,0.01850655975378788,0.9998287389578675,42.17583703994751
6.458985793951909,0.04646441879590071,0.0,0.0,0.023420452408648696,0.9997257035852255,44.47242331504822
6.864674291821559,0.07027353954192164,0.0,0.0,0.02116403798184944,0.9997760166638839,49.98572063446045
7.29343039558658,0.1204521971383859,0.0,0.0,0.061907287482096444,0.9980819043328103,52.50442433357239
7.700792626454523,0.18728491138944853,0.0,0.0,0.08737148841829737,0.9961757992500979,53.952605962753296
8.118038357415092,0.2776287937853427,0.0,0.0,0.09659585107834613,0.9953236868247686,55.328940868377686
8.527347902818669,0.3630777354614989,0.0,0.0,0.08397819883001571,0.996467592107875,57.711270332336426
8.647192566602275,0.38781950598164583,0.0,0.0,0.5748714170828562,0.8182437618589884,61.44538736343384
8.638823744034656,0.3977582717715344,0.0,0.0,0.9005184538657554,0.4348177943084085,62.67619013786316
8.515836466189661,0.397918494650384,0.0,0.0,-0.9988761798007963,0.04739596424345717,64.88884544372559
8.100064771656152,0.3464899670709489,0.0,0.0,-0.9936594322467897,0.11243190253210031,66.42355108261108
7.658309699637474,0.20261326725986212,0.0,0.0,-0.9846442155836984,0.1745731042215933,68.25288343429565
7.212132430013568,0.06410550648880128,0.0,0.0,-0.9918619655879928,0.12731787470706282,69.86151432991028
6.776243932092705,-0.047398247934725614,0.0,0.0,-0.9945046285431542,0.10469261581526547,71.3942768573761
6.358320084474687,-0.1532025929619023,0.0,0.0,-0.9928533981408822,0.11934039467046681,72.84332990646362
5.92396581694888,-0.2672519466167859,0.0,0.0,-0.9905361720795229,0.13725192822705892,74.30535507202148
5.49956717892969,-0.42009526642370354,0.0,0.0,-0.9778952435885261,0.2090954149830578,76.97111868858337
5.43415690650484,-0.4617313769881154,0.0,0.0,-0.7378946667310058,0.6749158916560921,80.26310276985168
5.44757078074609,-0.8747013412605971,0.0,0.0,-0.7191339983483452,0.6948714215015049,82.40075826644897
5.410590515440922,-1.2969559867521476,0.0,0.0,-0.7681089138773215,0.6403192144721268,84.08434772491455
5.348606756239972,-1.7137188921624644,0.0,0.0,-0.7759239449108996,0.6308264671951449,85.45850920677185
5.209442197886503,-2.1334615829730676,0.0,0.0,-0.8816959816855915,0.47181796900868567,87.59454846382141
4.854114391845366,-2.5345892481145387,0.0,0.0,-0.9188720472981674,0.39455564967957873,90.94855642318726
4.511942447123159,-2.936898576020979,0.0,0.0,-0.9133007726153325,0.4072857703630668,92.63097739219666
4.209427640989429,-3.349835163055524,0.0,0.0,-0.886378321739924,0.4629616298890393,95.00186920166016
4.068120574127613,-3.5178473179437466,0.0,0.0,0.9990836635195134,0.04279992159370975,100.3572039604187
3.637233039856573,-3.4869700781970865,0.0,0.0,0.9999432935600657,0.010649397365492495,101.88072299957275
3.2102611072523475,-3.490466135035275,0.0,0.0,-0.9993948642805537,0.03478369229471817,103.41487979888916
2.8103037706589227,-3.5199143315564827,0.0,0.0,-0.9970927003166202,0.07619807724155929,104.86418843269348
2.392469894978524,-3.594681507337717,0.0,0.0,-0.9962280287054548,0.08677392938920908,106.24038934707642
1.9881285747989152,-3.6822838286666295,0.0,0.0,-0.9907056362119692,0.13602331556699132,108.08100843429565
1.729784233075427,-3.780237615198033,0.0,0.0,-0.9122557537709945,0.4096210928549878,112.19679141044617
1.744777577611153,-3.7798478456082125,0.0,0.0,-0.5842603023519058,0.8115663245204667,113.42610263824463
1.7509609776912582,-3.7832092988486745,0.0,0.0,-0.11493619740790526,0.9933728758756256,114.72702074050903
2.193807294984283,-3.781985365513195,0.0,0.0,-0.036065376690066,0.999349432683185,117.24816727638245
2.6352342622499596,-3.8556032678975134,0.0,0.0,-0.12693652150832263,0.9919108425193098,119.00251650810242
3.068868862345474,-3.9756500834123822,0.0,0.0,-0.15927531847262943,0.9872342036849424,120.53733825683594
3.5010760433567896,-4.128957794651388,0.0,0.0,-0.18581812334113387,0.9825841567204201,122.05930972099304
3.9227483440274917,-4.2986890671734175,0.0,0.0,-0.18436631200078363,0.9828576005705149,123.43687295913696
4.3517609901033145,-4.48562004705357,0.0,0.0,-0.26472157717526784,0.9643248864246109,125.1911392211914
4.622108788385024,-4.862575988554694,0.0,0.0,-0.6574087587434352,0.7535341557802246,128.70283603668213
4.629258479726005,-4.9025228119117825,0.0,0.0,-0.15703490164445613,0.9875930536741923,131.69010019302368
5.040310593000988,-4.862448482091316,0.0,0.0,0.014340185293282189,0.9998971742563104,133.9884970188141
5.456441811755756,-4.8286635364833845,0.0,0.0,-0.005553101819466766,0.9999845814112249,135.43686604499817
5.904624133547064,-4.814965285314883,0.0,0.0,-0.025437527165035043,0.999676413751834,136.96948504447937
6.339882411188783,-4.830886809058539,0.0,0.0,-0.052014193761615465,0.9986463456335927,138.41856741905212
6.757098420938194,-4.9199196013156214,0.0,0.0,-0.1442094953500119,0.9895471800024973,141.24301481246948
7.178193678474113,-4.892537276819119,0.0,0.0,0.052256554990059746,0.9986336928326477,144.75507354736328
7.587674720970056,-4.842313608326467,0.0,0.0,0.07213923320857803,0.9973945713869102,146.13156127929688
7.986817967653589,-4.774260836723019,0.0,0.0,0.08062539965620724,0.9967444732378891,147.50573182106018
8.39351482857505,-4.699966165734591,0.0,0.0,0.08518986861302595,0.9963647355691064,148.8820960521698
8.802777540133672,-4.626096394560314,0.0,0.0,0.0845963688275133,0.9964153021613023,151.25177431106567
8.915109535624707,-4.600575058428901,0.0,0.0,0.5678906501612386,0.8231040088952585,154.7651069164276
8.922018625633706,-4.584635953403068,0.0,0.0,0.8997747945142673,0.4363545796216741,155.99850034713745
8.699373926275609,-4.596152510070383,0.0,0.0,-0.9995068046386734,0.031402985224161746,158.51620292663574
8.285155175243874,-4.623511335575134,0.0,0.0,-0.9997056218126419,0.024262516691371788,159.89032578468323
7.873668646566273,-4.642284969642665,0.0,0.0,-0.9998177686445281,0.019090036738487845,161.2647066116333
7.461248341986414,-4.678018932822097,0.0,0.0,-0.9993300510556629,0.03659848435504204,162.64120984077454
7.048587083076028,-4.717573586291559,0.0,0.0,-0.9993806371887972,0.03519008400265254,164.01523637771606
6.647782160914162,-4.75018342181289,0.0,0.0,-0.9998530158236044,0.01714487528222399,165.38938236236572
6.255906460983637,-4.760202514152942,0.0,0.0,0.999998155917434,0.001920458729414003,166.76452684402466
5.856281654065178,-4.753950805330478,0.0,0.0,0.999725137432377,0.023444606753258507,168.1394441127777
5.43821677587254,-4.70768137073413,0.0,0.0,0.9971308267252165,0.07569751907616547,169.66276144981384
5.033626813453489,-4.616635483101824,0.0,0.0,0.9851799837232512,0.17152375832826913,171.41929149627686
4.637158290061023,-4.326503045059146,0.0,0.0,0.9093469455790676,0.4160386190800323,174.17304849624634
4.362987609439138,-3.9058945361124344,0.0,0.0,0.8488712603795948,0.5285996436827763,176.3942539691925
4.270620718444046,-3.4986637242778436,0.0,0.0,0.7121484684417765,0.7020288875082222,179.90611624717712
4.298210476395184,-3.073623889284129,0.0,0.0,0.6485041352429047,0.761211131403668,182.7327675819397
4.415140215762479,-2.657014773671127,0.0,0.0,0.5118598869994947,0.8590689472218539,184.869282245636
4.619395395895005,-2.243646144423119,0.0,0.0,0.5703778397757855,0.8213824443538518,186.62862944602966
4.710390318063191,-1.8389650565354578,0.0,0.0,0.6476169234228661,0.7619660888099296,188.38101935386658
4.751305448040978,-1.443892874293865,0.0,0.0,0.6884258563411658,0.725306721546776,189.90451073646545
4.746931339981602,-1.05556062165742,0.0,0.0,0.7252424372565829,0.6884935781851066,191.42889881134033
4.691517429360681,-0.6702112170538096,0.0,0.0,0.7820832344635434,0.6231739840293737,193.0362150669098
4.524819783085357,-0.27861922607065137,0.0,0.0,0.8800049459521291,0.47496451983257704,195.17413187026978
4.372930087846511,-0.11525167552529678,0.0,0.0,-0.9984297941530335,0.05601737362221944,197.45954203605652
4.3605257730326805,-0.1325026030363024,0.0,0.0,-0.832581463478939,0.5539026147900623,198.7610855102539
4.352630714215718,-0.1569134530028825,0.0,0.0,-0.4404496592661035,0.8977773096110044,200.05328702926636
4.373608749408564,-0.17600909130900816,0.0,0.0,0.055717238124741726,0.9984465881436777,201.5762083530426
4.387895583296073,-0.18058631651202933,0.0,0.0,0.5465929037883185,0.8373984699820355,203.72705483436584
4.3621803372350385,-0.12036228281011485,0.0,0.0,0.8913504216409494,0.45331493008779433,205.86427092552185
4.070107487834442,0.0043050880745617685,0.0,0.0,0.9940059366679846,0.10932610790109819,208.0020627975464
3.6459528786044357,0.04370568784760058,0.0,0.0,0.9997043969084569,0.024312934868056663,209.6094834804535
3.2106106443516182,0.03378531764911291,0.0,0.0,-0.9997015665161226,0.02442903815565682,211.142404794693
2.797271027616453,0.006055816970732612,0.0,0.0,-0.9990294222752062,0.04404785384633098,212.51756358146667
2.3896585353132354,-0.04295937736773487,0.0,0.0,-0.9989324601830443,0.04619458834810253,213.89280128479004
1.9515341957242485,-0.08478147060175392,0.0,0.0,-0.999260234006469,0.03845757055947288,215.34177684783936
1.525769738508087,-0.10311904356507107,0.0,0.0,0.9995725201973544,0.029236567279854377,217.02471733093262
1.200094615881519,-0.06232627084701637,0.0,0.0,0.935217900046839,0.3540727035962821,221.37313294410706
1.2093179372980427,-0.05905230711817093,0.0,0.0,0.6296174308996987,0.7769053293080588,222.76203274726868
1.217116125713806,-0.04781322088741762,0.0,0.0,0.16395555608013948,0.9864677266035885,224.1396872997284
1.6424849779443218,-0.06733579656719117,0.0,0.0,-0.013368623500100112,0.9999106359598905,226.64599466323853
2.0654834276019614,-0.06712776257309022,0.0,0.0,0.014105876778711841,0.9999005071707404,228.0195906162262
2.4713889930014137,-0.04651377655672022,0.0,0.0,0.022215917846158815,0.9997531960410293,229.39489722251892
2.8875158167932278,-0.026926002405037383,0.0,0.0,0.021139640027225338,0.9997765328409741,230.84331512451172
3.31372963849253,-0.005156250278179808,0.0,0.0,0.015647720232798118,0.9998775669308299,232.21797227859497
3.7415871523213116,-0.002158711987390999,0.0,0.0,-0.010967335587705575,0.999939856966461,234.5148525238037
4.157276138457432,-0.013287720027108138,0.0,0.0,-0.003512409849042766,0.9999938314695008,237.03284001350403
4.572100765920354,-0.009583182548310028,0.0,0.0,0.009750907578135508,0.9999524587706171,238.40747952461243
4.983999059251213,0.0015423475686038362,0.0,0.0,0.016047424146343147,0.9998712317985088,239.78351497650146
5.400789943060766,0.022921130813980017,0.0,0.0,0.011860069356198103,0.9999296669040609,241.15969729423523
5.825604814346938,0.038004907306146876,0.0,0.0,0.013586947197367263,0.9999076931726528,242.5356194972992
6.244906767311565,0.05939110319033247,0.0,0.0,0.0025781524504244336,0.9999966765594486,244.13097524642944
6.654887968969391,0.05636973298041869,0.0,0.0,-0.01813844511456142,0.9998354848717993,247.34832429885864
7.078529478771099,0.058802342652585105,0.0,0.0,0.02299709174125684,0.9997355319140379,248.79828071594238
7.482887223497298,0.10559803731364868,0.0,0.0,0.0763025698041131,0.9970847094611813,250.32129645347595
7.905037380522119,0.18727167483825058,0.0,0.0,0.09817637494988103,0.9951690305680239,251.78289580345154
8.317330171380837,0.28537395607965027,0.0,0.0,0.10146151571849245,0.994839464852549,253.3796670436859
8.641111279210637,0.35117573596738444,0.0,0.0,0.37108758006795867,0.9285978720195875,257.3570203781128
8.637042681037084,0.3537238250200398,0.0,0.0,0.7733259969759574,0.6340085980498542,258.5749247074127
8.625152965176051,0.36309689205757706,0.0,0.0,0.9863108627125864,0.16489657999835405,259.8782660961151
8.612912202349174,0.36234983134170407,0.0,0.0,-0.9311058535686352,0.3647490773809075,261.2586019039154
8.576654701639455,0.32182020112996845,0.0,0.0,-0.6341797820198803,0.7731856207129159,263.85014748573303
8.581370646194006,0.32249846323764014,0.0,0.0,-0.16647786324439268,0.9860451921943443,266.2926926612854
8.580771121620412,0.31977358291586483,0.0,0.0,0.33689691377454717,0.9415415389079683,268.429475069046
8.58257385459243,0.33375198997070754,0.0,0.0,0.747316428406721,0.6644683256810834,270.42135286331177
8.45803487945919,0.43376049095039493,0.0,0.0,0.9765419310318764,0.2153273251042099,272.7036597728729
8.032623413154134,0.4970130470639303,0.0,0.0,-0.9994244991421457,0.03392153467152213,274.92707419395447
7.626785891848267,0.2558255708609048,0.0,0.0,-0.9322120389597968,0.3619125784197315,277.75006008148193
7.203411973345137,-0.0610778704733355,0.0,0.0,-0.9670110061851652,0.2547345950528794,279.88591957092285
6.788227327322872,-0.24211997912893107,0.0,0.0,-0.9882362361433715,0.15293508941110395,281.80144739151
6.392308061557573,-0.3532306019312927,0.0,0.0,-0.9944538088489349,0.1051742462100214,283.4094879627228
5.971843928181446,-0.46183654313436023,0.0,0.0,-0.9951292974439152,0.09857830069939157,284.85932183265686
5.570303791868894,-0.5271126857683383,0.0,0.0,-0.9992432366470608,0.03889670956656831,287.2304368019104
5.455358457688209,-0.5442106053043959,0.0,0.0,-0.8253616214622629,0.5646044578438824,290.902227640152
5.478945834565434,-0.9689723323671676,0.0,0.0,-0.7260107273314532,0.687683374671552,293.49582600593567
5.437070552792423,-1.3926175321030978,0.0,0.0,-0.770374249609538,0.6375919663378304,295.10623693466187
5.358310321360151,-1.8023319486218061,0.0,0.0,-0.7973752987201398,0.6034837470810359,296.5525093078613
5.158325044427397,-2.2019846410935595,0.0,0.0,-0.9109357299613978,0.4125482952088099,299.1437499523163
4.80907975462073,-2.594818867016709,0.0,0.0,-0.9149213371172866,0.4036321925807161,302.05374217033386
4.476647324092913,-3.0015054848773826,0.0,0.0,-0.9089397309305335,0.41692753031663604,303.73824977874756
4.1709132702985565,-3.4122450559203474,0.0,0.0,-0.8921301385846793,0.451778503061933,306.48923230171204
3.878480783728336,-3.50110024697212,0.0,0.0,0.9992783704247636,0.03798339638880261,311.5377917289734
3.460872944135621,-3.4842445522863925,0.0,0.0,0.9999870556079642,0.005088085741635346,312.9879992008209
3.03348423685484,-3.5052829019434535,0.0,0.0,-0.999401730011781,0.034585864879443956,314.5226674079895
2.628880780810916,-3.547871820421738,0.0,0.0,-0.9981923198711447,0.06010068677030678,315.9723861217499
2.19902388969764,-3.6015363829066565,0.0,0.0,-0.9968427661783857,0.07940087857085848,317.4202172756195
1.7849465750895916,-3.6869757260765725,0.0,0.0,-0.9885340144707149,0.1509983517605824,320.0227406024933
1.7281586695264297,-3.7300342320802957,0.0,0.0,-0.7745972913721735,0.6324547700815389,323.0803692340851
1.7413933669055959,-3.7432093623395537,0.0,0.0,-0.34378568690700856,0.9390481358683783,324.3702566623688
1.9643771058761794,-3.7372687123712196,0.0,0.0,0.010252052485537021,0.9999474463289727,326.5956950187683
2.402330339723842,-3.769658264946889,0.0,0.0,-0.08136123753288041,0.99668467883635,328.2803008556366
2.837510244446306,-3.8646203653120987,0.0,0.0,-0.13986796833987172,0.9901701628672097,329.8867127895355
3.2643883619002683,-3.9996331833496166,0.0,0.0,-0.17235403663561324,0.9850350684393981,331.4098274707794
3.687524555968476,-4.158297992123464,0.0,0.0,-0.18800996784504578,0.9821671201943715,332.85812616348267
4.093775127374164,-4.319533382417933,0.0,0.0,-0.19224446750842963,0.981347066390072,334.23327708244324
4.50558604413323,-4.529966874011471,0.0,0.0,-0.37086109545589213,0.9286883480895276,336.3088848590851
4.651644678625238,-4.891326524850837,0.0,0.0,-0.3634552180833093,0.9316116704120951,341.7265737056732
4.864428718750534,-4.848929148532909,0.0,0.0,0.03480966395693561,0.9993939600053651,344.0246057510376
5.263340016266105,-4.777870319335854,0.0,0.0,0.017727092064795984,0.9998428627574066,345.40024304389954
5.695297814468802,-4.735988271436395,0.0,0.0,-0.0193323576268875,0.9998131125108263,346.93391132354736
6.115231065497673,-4.760232113455239,0.0,0.0,-0.05228193457311196,0.9986323644451409,348.4668905735016
6.523056539044705,-4.824558176139968,0.0,0.0,-0.13617686763264789,0.9906845414771346,350.22892451286316
6.940675320646637,-4.906488688814759,0.0,0.0,0.05239187213309361,0.9986266027572015,355.1125557422638
7.374596320738459,-4.832294110396608,0.0,0.0,0.09469792182227194,0.9955060540260631,356.6519305706024
7.761689994109476,-4.754005710019633,0.0,0.0,0.08894105710793913,0.996036891064042,358.0234785079956
8.195976056702328,-4.683230598448571,0.0,0.0,0.08091948794769788,0.9967206411378678,359.4725697040558
8.594031465463042,-4.617267731261496,0.0,0.0,0.06648963153007209,0.997787116021747,361.08079862594604
8.9195883151276,-4.585425841306662,0.0,0.0,0.28981802742565216,0.9570817681781969,365.42998719215393
8.919115902682673,-4.581563496488673,0.0,0.0,0.745562231288895,0.6664360128891027,366.8095223903656
8.926776156697413,-4.562711920458177,0.0,0.0,0.9768333883901981,0.21400124141257773,368.11086559295654
8.623813815223224,-4.589651630456315,0.0,0.0,-0.9990379852873802,0.04385320915203684,370.32134771347046
8.21862977837832,-4.612734546098455,0.0,0.0,-0.9997697808448114,0.021456591283750357,371.698947429657
7.805566835766188,-4.6361522347689865,0.0,0.0,-0.9995746253231564,0.0291645059973818,373.07510805130005
7.407973184280426,-4.669086722747324,0.0,0.0,-0.9990746289375355,0.04301029892160362,374.44787788391113
7.009759027008743,-4.7071828025124045,0.0,0.0,-0.9992789089395501,0.037969226336368435,375.822304725647
6.606417954715437,-4.737596584578054,0.0,0.0,-0.9997908583924318,0.020450904012402557,377.20880675315857
6.2043262979061735,-4.749198052646881,0.0,0.0,-0.999989772373214,0.004522736889058857,378.5837504863739
5.792053678186114,-4.753313488698069,0.0,0.0,0.9999583801617694,0.009123483120509496,379.9603524208069
5.376269199346749,-4.722378953591406,0.0,0.0,0.9976558396262821,0.06843117461784505,381.4820182323456
4.971848493031067,-4.624199017487847,0.0,0.0,0.9753401054299374,0.22070722403201626,383.3977942466736
4.590640393838043,-4.279585950170323,0.0,0.0,0.8976324456095217,0.44074481572568613,385.930951833725
4.33946253850137,-3.8623937160680506,0.0,0.0,0.8267730006012538,0.5625356926247429,387.99408435821533
4.22782064131935,-3.439390133209572,0.0,0.0,0.7520899133244283,0.6590605148813377,389.8348250389099
4.22469718068557,-3.0221421679878135,0.0,0.0,0.6690321197884443,0.743233491368211,391.5919647216797
4.4293068500165536,-2.6407383365751484,0.0,0.0,0.3555142006495478,0.9346708795808892,395.1040105819702
4.7314890501457745,-2.2496880062403575,0.0,0.0,0.5200443450022841,0.854139262199757,398.32426929473877
4.878711607109247,-1.8460107998911632,0.0,0.0,0.6048596057063027,0.7963321275603642,400.16390323638916
4.939893382717938,-1.448084528441832,0.0,0.0,0.6815625446568766,0.73175986342573,401.8486304283142
4.9177352482645995,-1.0379777058160102,0.0,0.0,0.7483454772807537,0.6633091636887288,403.5309205055237
4.808053973068254,-0.6340400489758511,0.0,0.0,0.8126001586538282,0.5828215697413517,405.2125041484833
4.600641223133781,-0.23717409276649948,0.0,0.0,0.8950057006835694,0.44605470039437206,407.27613139152527
4.198500258091628,0.059029455951222894,0.0,0.0,0.9756727251532795,0.21923214497872592,409.8792049884796
3.7812231315013967,0.12551167153973777,0.0,0.0,0.9998954920993076,0.014457001054283361,412.01637530326843
3.356649541358582,0.09517228567538336,0.0,0.0,-0.9992222643285077,0.03943179516849267,413.5512945652008
2.9375162637926966,0.027423797132939964,0.0,0.0,-0.9969732731829747,0.07774504845214157,415.07599115371704
2.538270901718468,-0.03339593571850759,0.0,0.0,-0.9975177711795087,0.07041517010606022,416.5365858078003
2.1105000039943023,-0.09369028462495228,0.0,0.0,-0.9969608327548743,0.07790441548915884,418.059711933136
1.6781954776055124,-0.15505889040621174,0.0,0.0,-0.9994883792193175,0.0319840554892848,419.59372782707214
1.2783459790476273,-0.1033631381784489,0.0,0.0,0.9861182325205256,0.1660446671549396,422.11293148994446
1.1975938697157629,-0.07233850798054091,0.0,0.0,0.7742609175554787,0.6328665195332649,425.40326595306396
1.1988202926090876,-0.06895074065281773,0.0,0.0,0.35306363899203547,0.9355993089040316,426.7795469760895
1.4220735306344634,-0.09475140677509006,0.0,0.0,-0.03926671317853261,0.9992287652165318,429.2997531890869
1.8405240429397283,-0.11582750207165346,0.0,0.0,0.0033665126647938266,0.9999943332801831,430.74836683273315
2.274139439833036,-0.04436842540788785,0.0,0.0,0.1530069022332782,0.9882251200353976,433.35213708877563
2.695905954475249,0.058639912674688606,0.0,0.0,0.08541429753619423,0.9963455212808449,434.96104550361633
3.121438611961122,0.10661809542232224,0.0,0.0,0.0371500083565699,0.9993097001826344,436.48353338241577
3.5619872687858676,0.12079101671192131,0.0,0.0,-0.03779944479141259,0.99928534562129,438.1668951511383
3.997117483324052,0.03127495421899052,0.0,0.0,0.02871311592677264,0.9995876934885581,443.4242820739746
4.419796336628109,0.03959690728386152,0.0,0.0,0.0041293986036087735,0.9999914739972399,444.79876494407654
4.8350613099358695,0.04330331499497364,0.0,0.0,-5.33122949199619e-05,0.9999999985788997,446.17372274398804
5.252042055337222,0.05087938896746938,0.0,0.0,-0.004661503472843176,0.9999891351336637,447.56386041641235
5.663107001324453,0.048091471564760936,0.0,0.0,-0.008165995144781493,0.9999666577057934,448.93616676330566
6.089606467545191,0.05620721883051169,0.0,0.0,-0.0031646130258586127,0.9999949925996613,450.38601422309875
6.4977427446537135,0.07125365844657486,0.0,0.0,-0.008208961975752035,0.9999663059039943,452.91665029525757
6.934252784661194,0.05441978627997137,0.0,0.0,-0.017088720908371897,0.9998539771475211,455.3606114387512
7.336155068318974,0.07230655206320372,0.0,0.0,0.0449109851782199,0.998990992657252,456.89544129371643
7.751857689928665,0.14941233108379764,0.0,0.0,0.09120096490675775,0.9958325080052751,458.4178583621979
8.182208585111034,0.23812117481562892,0.0,0.0,0.09949017738195068,0.9950385442808274,459.8788194656372
8.585557811475,0.3376107769206881,0.0,0.0,0.10573360369324784,0.9943944916631624,462.47001099586487
8.63189064901854,0.3548529409640511,0.0,0.0,0.5839171496067485,0.8118132558631512,464.22714591026306
8.62281016867425,0.3575864101386283,0.0,0.0,0.9008248269932846,0.43418271622960647,465.4472858905792
8.609652066355117,0.36624011405344886,0.0,0.0,-0.9947505262545967,0.10232981245073655,466.96925616264343
8.377187095231669,0.1727066504660672,0.0,0.0,-0.9485368110276728,0.31666688826818123,469.7340877056122
7.947026808866188,-0.058323633762030015,0.0,0.0,-0.9834935824588705,0.1809430110897266,471.7958278656006
7.505863845779538,-0.18733478580561588,0.0,0.0,-0.99383986136897,0.11082567371374995,473.6387531757355
7.078013390848575,-0.2756409803415157,0.0,0.0,-0.9879490679458222,0.15477932402288508,475.24822878837585
6.661096570345189,-0.40699797123168047,0.0,0.0,-0.9890247629549653,0.14774985029391619,477.32042813301086
6.242428337828822,-0.5024673718010012,0.0,0.0,-0.9951653830034147,0.098213341617455,478.9311091899872
5.843205104814217,-0.5775123841301645,0.0,0.0,-0.999356128485437,0.03587935978524143,480.4657521247864
5.461390838232958,-0.5575993888587573,0.0,0.0,-0.9763395651606233,0.21624304266719208,485.1213719844818
5.484306108036014,-0.5604469466470573,0.0,0.0,-0.7434187435164794,0.6688262642782348,486.5716350078583
5.511234264054312,-0.9908300196762582,0.0,0.0,-0.7250335886118948,0.6887135074793856,488.72283816337585
5.481856521549921,-1.3994666372651234,0.0,0.0,-0.7675234585515873,0.6410208581419249,490.31709003448486
5.417747023990958,-1.8227407930109867,0.0,0.0,-0.7871699360771919,0.6167361605550866,491.77854323387146
5.211810246697637,-2.219511385800592,0.0,0.0,-0.9383490408848957,0.34568927879006667,494.38093757629395
4.811245208093247,-2.6096774738759465,0.0,0.0,-0.9201999160710355,0.39144873797581636,498.65469336509705
4.466703686745362,-3.0516614888206828,0.0,0.0,-0.9087725596928187,0.41729178610339596,500.5000910758972
4.1684069584120325,-3.4665919209546208,0.0,0.0,-0.8940631700918995,0.447940897759094,503.5453476905823
3.915524473472295,-3.518869091087023,0.0,0.0,0.9993081766791109,0.03719096694455525,507.97994089126587
3.497542831098598,-3.505117397080568,0.0,0.0,-0.9999995518955253,0.0009466830244259782,509.4289698600769
3.0919474087958485,-3.5098310907949104,0.0,0.0,-0.9994619119155074,0.03280071081849439,510.87800431251526
2.6611336668218155,-3.5521232767444957,0.0,0.0,-0.9982520120521974,0.05910093428821147,512.4123487472534
2.2393732500779544,-3.60392663207608,0.0,0.0,-0.9971526945440536,0.0754089103722714,513.7888548374176
1.8442468090167579,-3.6805605462810314,0.0,0.0,-0.9916824915476811,0.12870833678431082,516.0716686248779
1.7291731506581685,-3.7299096745514015,0.0,0.0,-0.7826134468341677,0.6225079861610961,519.6593153476715
1.7429029383497656,-3.7217033588225394,0.0,0.0,-0.360122493108551,0.9329050272976782,520.9622220993042
1.9645962717145296,-3.7120119126654454,0.0,0.0,0.012475107052644529,0.9999221828242562,523.3347311019897
2.4078158348157515,-3.7332473308678016,0.0,0.0,-0.07784020853878973,0.9969658479279206,525.1031284332275
2.834509991201028,-3.8207584392332934,0.0,0.0,-0.13582683812739316,0.9907325926022192,526.6970062255859
3.279163223415633,-3.9550844233365363,0.0,0.0,-0.16799740646202935,0.9857874372409255,528.2310683727264
3.710651944904583,-4.103440283946991,0.0,0.0,-0.19300213766370622,0.9811983361467954,530.0592703819275
4.148953830886666,-4.28636548598394,0.0,0.0,-0.20981087156036357,0.9777419895734665,535.1106321811676
4.562881579273374,-4.524215362265582,0.0,0.0,-0.388852082175868,0.9213001998195225,537.2580099105835
4.666788658003866,-4.880491896815589,0.0,0.0,-0.7564460423618131,0.6540561023300295,540.6242394447327
4.678862033608705,-4.870450534107745,0.0,0.0,-0.31602908025494164,0.9487495035219864,542.9076149463654
4.68085662340814,-4.852697213702032,0.0,0.0,0.21400572247693236,0.9768324066835243,544.2837255001068
4.693122470415165,-4.82991181141782,0.0,0.0,0.6831355523692375,0.7302915973015003,545.7460012435913
4.690895839389521,-4.81952507734073,0.0,0.0,0.9608412858098356,0.277099302567332,547.4183299541473
4.682466630777228,-4.808815511606019,0.0,0.0,-0.9757554732126001,0.21886355680116062,549.5699458122253
4.689215360124461,-4.815418048318592,0.0,0.0,-0.7444055188508655,0.6677278064483864,551.5496666431427
4.847189689547887,-4.9640420929912015,0.0,0.0,-0.3271616378061284,0.9449683924597752,554.0797140598297
5.2630191129295785,-5.125790910202971,0.0,0.0,-0.10206511457654333,0.9947777200895068,556.2888073921204
5.685090755895164,-5.14688828799906,0.0,0.0,0.029547224781146082,0.9995633854377283,558.128625869751
6.124866959394349,-5.091195272417636,0.0,0.0,0.05748665723574108,0.9983462747162732,559.574848651886
6.534014364722959,-5.0357495303751465,0.0,0.0,0.0629133554465912,0.9980189926581813,561.3344371318817
6.941029666731564,-4.999631496650139,0.0,0.0,0.00902870609688953,0.9999592404024356,565.5361313819885
7.368199028594638,-4.9580503638185665,0.0,0.0,0.08050893735971093,0.9967538868774027,567.1408894062042
7.7758457622491575,-4.862151919846968,0.0,0.0,0.12204144085130073,0.9925250055867301,568.6655216217041
8.184246758914929,-4.74043863244307,0.0,0.0,0.13261051956857256,0.9911682249243835,570.1124346256256
8.581509354755937,-4.635428963734915,0.0,0.0,0.08855052621009177,0.9960716863298122,571.7950687408447
8.919437637306897,-4.588532970861087,0.0,0.0,0.3296246793190677,0.9441120541460117,576.4627258777618
8.925412634453428,-4.57007724941623,0.0,0.0,0.7551585822636371,0.6555421539714846,577.766909122467
8.930174551627648,-4.552556950522201,0.0,0.0,0.9803075727644126,0.19747673984736994,579.0597958564758
8.524450754364043,-4.588838532123028,0.0,0.0,-0.9988504000461289,0.04793619016659869,581.6620404720306
8.113412710341827,-4.6207757826087335,0.0,0.0,-0.9994097645214762,0.03435291223648159,583.03857421875
7.698956991466247,-4.6518661332049485,0.0,0.0,-0.9994581884031749,0.03291397323089087,584.4123969078064
7.298044155519206,-4.689597106015112,0.0,0.0,-0.9992792230115277,0.03796095964905826,585.7860662937164
6.887087675479894,-4.716818678272106,0.0,0.0,-0.9997798861909643,0.020980447277943765,587.1619348526001
6.474395192862299,-4.737008866296265,0.0,0.0,-0.999941016472564,0.010861103802820933,588.5488586425781
6.0768050925267945,-4.738739865155538,0.0,0.0,-0.999995896289261,0.0028648568267174044,589.9241681098938
5.645946395690398,-4.735247055188456,0.0,0.0,0.9997798974595734,0.020979910288771376,591.3721675872803
5.2363618233322855,-4.692744444235248,0.0,0.0,0.994966507220551,0.100208031161864,593.0549132823944
4.841719323608592,-4.493035179408142,0.0,0.0,0.9434445199277632,0.3315304477997041,595.500679731369
4.499457803568956,-4.0829615520754245,0.0,0.0,0.8710443925575819,0.49120430188872843,597.9579043388367
4.38339790382689,-3.867444665294411,0.0,0.0,0.9619641115558906,0.2731758555921189,599.787055015564
4.384498745299004,-3.875151580972365,0.0,0.0,-0.9739841249984931,0.2266162488678156,601.384688615799
4.383116118067326,-3.8975878691446804,0.0,0.0,-0.7255424559756166,0.6881774077785978,602.7624297142029
4.420862407414322,-3.9663158736568724,0.0,0.0,-0.27447567184260074,0.9615940440573417,604.2974827289581
4.623108944084508,-4.020687135278126,0.0,0.0,0.21782517189938272,0.9759878044765746,607.430038690567
4.772351525712625,-3.7588763231981197,0.0,0.0,0.657618982343843,0.7533506979229848,610.2531073093414
4.79674932341676,-3.352295860727627,0.0,0.0,0.6945546832808436,0.7194399154430111,611.7880845069885
4.77365448706261,-2.962725595561361,0.0,0.0,0.8772121847014929,0.4801028879430263,613.7638144493103
4.7235372403010505,-2.9358301877414146,0.0,0.0,-0.9991850966964418,0.04036263791827953,615.5947160720825
4.708251691610556,-2.9432694484353417,0.0,0.0,-0.8337035992111868,0.552212195321973,616.9730598926544
4.702427816105527,-2.950839003081374,0.0,0.0,-0.44738523535934,0.8943413504822798,618.2041697502136
4.711941618984663,-2.971475168349869,0.0,0.0,0.06660481580323264,0.9977794337987818,620.0350916385651
4.887559206614031,-2.7711114473720393,0.0,0.0,0.4672992344810513,0.8840992169736513,622.4916934967041
5.090440609363446,-2.379904867038914,0.0,0.0,0.5758493496630303,0.8175558246949655,624.405734539032
5.17895347073258,-1.9904586001423479,0.0,0.0,0.6612127177858228,0.7501984682990801,626.0772120952606
5.18203544174783,-1.5939866598572172,0.0,0.0,0.7329942561203265,0.680234827463729,627.7574310302734
5.097044399900888,-1.1936874933069122,0.0,0.0,0.79500283659187,0.6066057119833942,629.4363729953766
4.944603886385556,-0.7675997212980697,0.0,0.0,0.8282392923998637,0.5603745841176,631.1193323135376
4.703873708077903,-0.36123812321978666,0.0,0.0,0.8950442606194389,0.445977321768946,633.1073100566864
4.308788226463427,-0.02753832203556998,0.0,0.0,0.9724959108771336,0.23291995047065905,635.6271102428436
3.887111420725695,0.07590830934791026,0.0,0.0,0.9989861066941043,0.04501953611662151,637.7636346817017
3.4468956300583975,0.08240280999054038,0.0,0.0,0.9999979933456676,0.002003323398299582,639.2985603809357
3.0044373457131335,0.05371913419172549,0.0,0.0,-0.9990739019261391,0.04302718315297139,640.8214709758759
2.59309545261162,0.010815438693809257,0.0,0.0,-0.9980345713789183,0.06266573491549404,642.2710807323456
2.179489224393309,-0.047628997293959405,0.0,0.0,-0.9975335182585473,0.07019173705447396,643.7339019775391
1.767885067402298,-0.10423679181273092,0.0,0.0,-0.9985195417253643,0.05439416138307998,645.1065390110016
1.351240742229188,-0.10861937855990589,0.0,0.0,0.9952622748218911,0.0972265617840846,647.3294305801392
1.206320098211699,-0.06887184693636045,0.0,0.0,0.8172740085023155,0.5762492473110549,651.076238155365
1.2080564025256697,-0.06287049138647748,0.0,0.0,0.42813181096493286,0.9037163008598921,652.453203201294
1.4254584757456752,-0.08073599774233294,0.0,0.0,-0.03169600036006725,0.9994975555553773,655.1313858032227
1.8341956298449908,-0.1090576998736765,0.0,0.0,-0.015423621330039557,0.999881048877849,656.5088837146759
2.0627462073786287,-0.11287552832952633,0.0,0.0,-0.26724200822402566,0.9636294459180821,658.8040869235992
2.077342421753165,-0.1280778073043551,0.0,0.0,-0.7149877224793932,0.69913700853533,660.8675203323364
2.0795386019534168,-0.1347392307704241,0.0,0.0,-0.9653711765753626,0.2608802243128059,662.8578810691833
2.0910453498000483,-0.13349796431349384,0.0,0.0,0.9641277354219544,0.26543871192826035,664.8479039669037
2.092791136932471,-0.11822789051132425,0.0,0.0,0.692236667810703,0.7216705590075948,666.8390536308289
2.2203242982834483,-0.02451529672536641,0.0,0.0,0.2513406213964781,0.9678986992635294,669.2138793468475
2.6504828879395266,0.12415550664685743,0.0,0.0,0.05164329631034928,0.9986655946542874,671.4229724407196
3.082508440178324,0.1369384534223361,0.0,0.0,0.0005792100246704111,0.9999998322578596,673.016006231308
3.4862199576064534,0.1265206813651881,0.0,0.0,-0.06165311398257829,0.9980976372761591,674.5511968135834
3.8835757213630875,0.030606942574155162,0.0,0.0,0.033077956074902715,0.9994527746831797,679.5974259376526
4.298259233778071,0.06833393979103618,0.0,0.0,0.027154692132545254,0.9996312433568624,681.2071833610535
4.709338075017229,0.09158313893285104,0.0,0.0,0.00842867023619899,0.9999644781281231,682.654901266098
5.138839787999955,0.08762991797840872,0.0,0.0,-0.014385356717944173,0.9998965254025526,684.1788880825043
5.549797886107763,0.07497541211162785,0.0,0.0,-0.028260902725011482,0.9996005809207833,685.6270864009857
5.9889616817033975,0.062418715355364286,0.0,0.0,-0.021427047901101146,0.9997704144543605,687.0021014213562
6.406864167717381,0.05491465715269114,0.0,0.0,-0.016362037278870343,0.9998661329078432,689.065850019455
