0.012765523602987838,-0.0018575886704669967,0.0,0.0,8.622640514792149e-05,0.9999999962825035,1.492405652999878
0.2152562647329743,0.009526792196961857,0.0,0.0,-0.005589952662330938,0.9999843760925632,4.707247257232666
0.6279857434550696,0.013834763471319164,0.0,0.0,-0.01593963490599246,0.9998729559494365,6.0850560665130615
1.027093134104854,0.0009771809179964167,0.0,0.0,-0.014999126243109133,0.9998875067786092,7.455295085906982
1.4415390766386238,-0.00478272797030093,0.0,0.0,-0.012085327080780936,0.9999269697679679,8.82935357093811
1.8441891043729228,-0.0016373072660637682,0.0,0.0,-0.006275673738970684,0.9999803077656689,10.196945905685425
2.2333100517498554,0.02676678701785695,0.0,0.0,-0.00220302500236237,0.9999975733374752,11.555033683776855
2.6390056677384397,0.027944615718267413,0.0,0.0,-0.005729404056083839,0.999983586829885,13.003716468811035
3.0579095699856644,0.026382542756225754,0.0,0.0,-0.008697771768798216,0.9999621736677132,14.450161933898926
3.4798937977994,0.026417822123962372,0.0,0.0,-0.020172754706065416,0.9997965092795478,15.97868299484253
3.873412976301272,0.00321836873098091,0.0,0.0,-0.041781967609786516,0.9991267523105638,19.34369993209839
4.29872567300423,-0.028717843544314316,0.0,0.0,-0.02595860941365484,0.9996630185203959,20.865837812423706
4.7316121249020515,-0.0402533858518773,0.0,0.0,-0.005135993047173301,0.9999868107007309,22.404148817062378
5.145633281650447,-0.019683910884502963,0.0,0.0,0.08823544575405326,0.9960996466782747,24.767317295074463
5.571769390899681,0.0829094011126285,0.0,0.0,0.08846345620517174,0.9960794229960961,26.832341194152832
6.001265275555848,0.16293278420541593,0.0,0.0,0.06913044454044931,0.9976076290995572,28.443307876586914
6.407564369290923,0.163449931619348,0.0,0.0,-0.11851220552188152,0.9929525956169002,30.6495680809021
6.807335769204751,0.10630245571937583,0.0,0.0,0.04032233235113823,0.9991867240479951,35.55485677719116
7.195846907887027,0.14094084467371448,0.0,0.0,0.04279035548539354,0.9990840732778367,37.004016637802124
7.624954268915102,0.19476135340253306,0.0,0.0,0.0648400838036286,0.9978956676588683,38.54175877571106
8.04079087257083,0.2566830267823511,0.0,0.0,0.07236454399436319,0.9973782495986605,39.99088740348816
8.454282752197999,0.3261510775260844,0.0,0.0,0.07610876237058463,0.9970995217581934,42.05156397819519
8.628871032130805,0.36198128615354563,0.0,0.0,0.570086415718799,0.8215847361124065,49.070109844207764
8.606655317850544,0.3828412633354881,0.0,0.0,0.9113863411993518,0.4115518643807347,50.46966910362244
8.58791915436566,0.397665030296337,0.0,0.0,-0.9921916698163101,0.12472245325971644,51.9943368434906
8.543537138100925,0.3648143593487249,0.0,0.0,-0.7936069198762324,0.6084308150682041,53.91043949127197
8.537922673088378,0.3542643123437713,0.0,0.0,-0.38915834840173047,0.921170874414317,56.365235805511475
8.539433734805263,0.35670323844887164,0.0,0.0,0.10752331579372375,0.9942025631433079,58.58171057701111
8.522295575831594,0.367338166332519,0.0,0.0,0.59226572683213,0.8057427063399388,60.64143681526184
8.501336285619047,0.3746505991593348,0.0,0.0,0.9187387062056926,0.39486604022059174,62.70755386352539
8.146984662796243,0.482239707339561,0.0,0.0,0.9999806732685401,0.00621716087914164,65.2320203781128
7.724310298246098,0.29898482922230607,0.0,0.0,-0.9507537920053429,0.3099471357948984,68.1465859413147
7.312587493602428,0.024956405792159807,0.0,0.0,-0.9672129190275895,0.25396686647302935,70.1222722530365
6.8849092370573235,-0.1798277996639344,0.0,0.0,-0.9826935691117679,0.18523862779230224,72.11172795295715
6.468896142001622,-0.3113177495671408,0.0,0.0,-0.9999214835181375,0.012531033432529868,74.33595991134644
6.290834515846635,-0.22943660912558128,0.0,0.0,0.8681128361652419,0.4963669043007802,76.85444283485413
6.286601993092306,-0.22588260673341362,0.0,0.0,-0.9997926922531281,0.020361053932493586,78.76173782348633
6.111158726326423,-0.3849293885120617,0.0,0.0,-0.8616599479805278,0.5074860924657878,81.21880769729614
6.1162590473117655,-0.3972176034844438,0.0,0.0,-0.5002113584841436,0.8659033415130395,83.2135853767395
6.133837166489898,-0.4041430311542285,0.0,0.0,-0.012540652871024936,0.9999213629208891,85.49417662620544
6.1785226540305285,-0.3543355807457252,0.0,0.0,0.49058513410844007,0.8713932672403453,87.7230966091156
6.213962715805458,-0.23085794146367236,0.0,0.0,0.864962684390505,0.5018361830438012,90.33712935447693
5.931721390010287,-0.08225514742522141,0.0,0.0,0.9979784835472869,0.06355270550226493,92.92700386047363
5.526332757775073,-0.12485340356024952,0.0,0.0,-0.9781781363313818,0.20776798021654946,95.22685670852661
5.311434893790953,-0.38716018036664424,0.0,0.0,-0.7472219757632873,0.6645745397894876,99.66921520233154
5.318708925106646,-0.3886956627414177,0.0,0.0,-0.32943910284257005,0.9441768253448517,102.27276372909546
5.331745362166426,-0.3901286965852868,0.0,0.0,0.17246041934412748,0.9850164484716221,104.50952672958374
5.339491301560555,-0.37976680365072185,0.0,0.0,0.6274838234932045,0.7786295982393355,106.50370931625366
5.256519602620369,-0.2698689365488445,0.0,0.0,0.9279686361886298,0.3726583022692698,108.94789099693298
4.8752451231247855,-0.01511151702392878,0.0,0.0,0.9869342998553651,0.16112320679840114,114.60637927055359
4.4515359021295255,0.06123573723193174,0.0,0.0,0.9985874168552231,0.053133519537227246,116.8287444114685
4.0336991066306735,0.058578840916220835,0.0,0.0,-0.9999982902940551,0.0018491643968968732,118.43934273719788
3.6284972226489427,0.03563314502294312,0.0,0.0,-0.9992192016346269,0.03950932908388732,119.97116994857788
3.198116124366312,-0.011839686827862048,0.0,0.0,-0.9986326625803197,0.05227623960980095,121.49743032455444
2.789434945428969,-0.04000902360193736,0.0,0.0,-0.9999525432617383,0.009742239187238532,123.47787141799927
2.3708720561630896,-0.049630873431521935,0.0,0.0,-0.9999422829979698,0.010743866753080575,124.95084118843079
1.9545457034032057,-0.06314575431049525,0.0,0.0,-0.9998714773510216,0.016032117136720512,126.39398169517517
1.5314901638714205,-0.07497483932612764,0.0,0.0,0.9999132475834663,0.01317183765029246,128.08962154388428
1.206997257864125,-0.05587599825148962,0.0,0.0,0.9493555843768923,0.3142037148291048,132.52564454078674
1.2180873266976646,-0.057290209498366024,0.0,0.0,0.6675767740272593,0.7445409664883172,133.98583889007568
1.2235655140243116,-0.04698040876463549,0.0,0.0,0.20134740245134988,0.9795198944003609,135.5250906944275
1.662475121888553,-0.0755803300782709,0.0,0.0,-0.02023882380980623,0.9997951740285586,138.27782940864563
2.1134614948821104,-0.08236233301383201,0.0,0.0,-0.0024964159301633783,0.999996883948897,139.7992341518402
2.182755937595915,-0.08983951719910459,0.0,0.0,-0.4883196493933185,0.8726648383064294,143.00790786743164
2.1960791693721493,-0.10340809207690872,0.0,0.0,-0.8619835025814786,0.5069363286226053,145.00798964500427
2.1911668335916947,-0.1340240448156386,0.0,0.0,-0.9999168461965166,0.012895762575818401,147.22983074188232
2.154153048115156,-0.10361468798417117,0.0,0.0,0.8728087491566587,0.48806238063959484,149.61578226089478
2.156694701737352,-0.08118815067769802,0.0,0.0,0.5142974101351346,0.8576119016946377,151.5205569267273
2.4950485884157074,0.11702698472629637,0.0,0.0,0.07221683870742084,0.9973889553264095,154.42099785804749
2.9149033361994863,0.09554999616986867,0.0,0.0,-0.09406895852407879,0.9955656839416449,156.64866876602173
3.326227909820179,0.03294437714030713,0.0,0.0,-0.07500242118705469,0.9971833516540876,158.0901608467102
3.727929661361106,-0.019746501245745746,0.0,0.0,-0.05494176990809788,0.9984895602455569,160.39249658584595
4.153561475138556,-0.05398574635525276,0.0,0.0,-0.033255975705872826,0.9994468670619016,163.07143187522888
4.589683458689921,-0.07570198033573748,0.0,0.0,-0.01640455091108451,0.9998654363010083,164.6065809726715
5.020278736160271,-0.07291798914967906,0.0,0.0,0.0023947478687470903,0.9999971325872116,166.13416123390198
5.442790651251911,-0.05715852385906716,0.0,0.0,0.01360322457701558,0.9999074718598253,167.6032853126526
5.852516586382993,-0.036769986498351726,0.0,0.0,0.018045694607053697,0.999837163195162,168.97960877418518
6.26210968224165,-0.0023548723670196387,0.0,0.0,0.027649475508783616,0.9996176801678176,170.58546090126038
6.672706585220312,0.039423428157072934,0.0,0.0,0.019758357672814607,0.9998047845965097,173.80747079849243
7.0755345873232764,0.06458543993182088,0.0,0.0,0.03492476387185331,0.9993899443502998,175.17764616012573
7.490932915817657,0.11178372709368316,0.0,0.0,0.06370251422389517,0.9979689322226191,176.71469926834106
7.887972554528446,0.17943381252531243,0.0,0.0,0.08253994308521033,0.9965877571972728,178.1637511253357
8.2760429839714,0.2564210905857005,0.0,0.0,0.09585944678376045,0.9953948796645035,179.6903829574585
8.516632164735675,0.3249935798875494,0.0,0.0,0.35950474040457076,0.9331432588979263,181.90876507759094
8.505062484544684,0.3421607148576478,0.0,0.0,0.780838578918006,0.62473283383644,183.42564916610718
8.48777506277425,0.3555494219107596,0.0,0.0,0.9872108732670152,0.1594198598148212,184.8990020751953
8.46818476385583,0.3568683065396922,0.0,0.0,-0.9370392626496848,0.34922402588157503,186.49527049064636
8.448025692221405,0.3432550381851807,0.0,0.0,-0.6521603588619498,0.7580810420588638,188.48314118385315
8.528471760852785,0.2816089185340516,0.0,0.0,-0.200505119961373,0.9796926542897397,190.5615165233612
8.695063051451575,0.27058513676615675,0.0,0.0,0.31322837382502383,0.9496778326521743,193.77936363220215
8.689962021170816,0.27845454289524335,0.0,0.0,0.7599630577567204,0.6499662690055968,195.15448570251465
8.678257564206373,0.28228238641779285,0.0,0.0,0.98490684265836,0.17308527171524557,196.53294110298157
8.225522683471349,0.24551427751760954,0.0,0.0,-0.9988647408546127,0.04763643015012105,199.13567805290222
7.777882767548241,0.18947524571953675,0.0,0.0,-0.9977432925401726,0.06714404062234816,200.67299032211304
7.346280968064771,0.11963169383820949,0.0,0.0,-0.9964223117653043,0.08451376583898544,202.2039086818695
6.896513103804354,0.041683171296863324,0.0,0.0,-0.9960397765028045,0.0889087376147203,203.73463249206543
6.473776228733437,-0.025801667741820973,0.0,0.0,-0.9943281258378455,0.10635590330488359,205.26151823997498
6.032385847024033,-0.12751293402767933,0.0,0.0,-0.9931966659332715,0.11644905658283997,206.79395246505737
5.62705284342135,-0.2689697451941362,0.0,0.0,-0.9689825001376232,0.2471293475632568,208.78702998161316
5.415275179142065,-0.43925260762016094,0.0,0.0,-0.8103815977295846,0.5859024373231825,212.9788899421692
5.422972654230902,-0.4326438138577947,0.0,0.0,-0.40631659496339595,0.9137323594233443,215.51770186424255
5.4250240247353325,-0.4465751916695832,0.0,0.0,0.09557434363229848,0.9954222947268437,217.5006239414215
5.44139947930894,-0.43571662673958483,0.0,0.0,0.5784446323335045,0.8157216481892318,219.64800143241882
5.449322205335268,-0.4290456821734678,0.0,0.0,0.909344205394742,0.41604460832344065,221.92666220664978
5.452676964617813,-0.4332355776028172,0.0,0.0,-0.9972059687688896,0.07470111011022813,224.2265603542328
5.435380708650922,-0.4485302130550388,0.0,0.0,-0.8306327511661027,0.5568206467887405,226.75938653945923
5.437183244625129,-0.4603622537795407,0.0,0.0,-0.4555049615079016,0.890233244740773,228.89922165870667
5.450614412202794,-0.47066802633525784,0.0,0.0,0.04168389912864597,0.9991308485646077,230.88198900222778
5.474203080775811,-0.45585546042347097,0.0,0.0,0.5385818163817258,0.8425732176273828,233.02234196662903
5.45512346178326,-0.24313004162549112,0.0,0.0,0.8823471406351199,0.4705991111477242,235.31841659545898
5.08176982044108,0.06956848008074003,0.0,0.0,0.978122888690063,0.20802791788749536,237.99111819267273
4.670710664889204,0.1642351034891582,0.0,0.0,0.9978870558591945,0.0649724845505307,239.98356866836548
4.255941221154954,0.14125272042350384,0.0,0.0,-0.9958923516647756,0.09054514838246608,242.206928730011
3.8292038636966317,0.04833245390697447,0.0,0.0,-0.9950875652989825,0.09899867366456677,243.73317456245422
3.397267645489996,-0.053099433139152906,0.0,0.0,-0.9956103090299404,0.0935954729316893,245.26459884643555
2.9732121074229307,-0.10820028819186,0.0,0.0,-0.9994164769898083,0.03415707132176263,247.18217945098877
2.553141724327404,-0.13120826074251926,0.0,0.0,-0.9998647141677889,0.016448506381004348,248.7765827178955
2.154684566518956,-0.14316611253773706,0.0,0.0,0.9999996412023667,0.0008471098735693943,250.3131251335144
1.7522880644644985,-0.1477474690399045,0.0,0.0,0.9999639522799815,0.00849082685012924,251.77262902259827
1.3523518997697783,-0.10625692807431429,0.0,0.0,0.9931702686915495,0.11667397904912405,253.978657245636
1.19573477486893,-0.062688111690706,0.0,0.0,0.7969453447589265,0.6040514195555505,258.35167026519775
1.2040716783839793,-0.05750369482912231,0.0,0.0,0.3704227557683154,0.9288632741200434,259.8922128677368
1.4115201511925306,-0.0713547690177422,0.0,0.0,-0.031449705375892555,0.9995053356694849,262.41327929496765
1.8335845779667654,-0.08795435561415371,0.0,0.0,-0.010813759519828589,0.9999415295931294,263.8736391067505
2.259636805121352,-0.08561557332381212,0.0,0.0,0.006866499593490731,0.9999764253137834,265.3199827671051
2.6671230074922883,-0.06720775063373617,0.0,0.0,0.02035879802873164,0.9997927381926842,266.71104979515076
3.0948243177617374,-0.03653525866223576,0.0,0.0,0.029789846311575333,0.9995561840420641,268.15808844566345
3.4994802613930713,-0.020359990665154717,0.0,0.0,0.019835232305361588,0.9998032624268598,270.23519110679626
3.9088040075842048,-0.02797114133818027,0.0,0.0,0.0010463427065728814,0.9999994525833203,274.44671654701233
4.336771644978074,0.0725928045550638,0.0,0.0,0.1266232364928212,0.9919508838546811,276.6570529937744
4.766339320417655,0.1801048172587944,0.0,0.0,0.10902616466644481,0.9940388802346342,278.18841457366943
5.184820310451115,0.25113673442767015,0.0,0.0,0.06487473551377333,0.9978934154968746,279.87165236473083
5.608749775145173,0.22219703874774566,0.0,0.0,-0.10415200193864682,0.9945613910122251,282.1675953865051
6.0133741481232885,0.13523853220311166,0.0,0.0,-0.11722908252182289,0.9931048999028711,283.77850365638733
6.419363185603426,0.06555791907719317,0.0,0.0,-0.0817687758612515,0.9966513268411137,285.8556070327759
6.839575855548741,0.05156036338038892,0.0,0.0,0.020636239460765742,0.9997870501366368,289.8263590335846
7.260214676239952,0.08869920300566093,0.0,0.0,0.048962206484016974,0.99880063192622,291.35677576065063
7.6803917967593724,0.14940457022134362,0.0,0.0,0.07915927688942166,0.9968619808591076,292.95089173316956
8.086144341664662,0.22157513875295545,0.0,0.0,0.08650365161529196,0.9962515336285411,294.3425314426422
8.482804296147599,0.29552569004377,0.0,0.0,0.09467610428843928,0.9955081291866805,296.4028899669647
8.647487867886612,0.33526085164194136,0.0,0.0,0.5707853334612762,0.821099325968241,300.54588198661804
8.632183635001216,0.3480137367186806,0.0,0.0,0.9016392719394317,0.4324888707198505,301.92313742637634
8.39839936528834,0.33696908244528356,0.0,0.0,-0.9981586878670925,0.06065668829934679,304.60135793685913
7.937852791905452,0.2652738289491144,0.0,0.0,-0.9953344527415313,0.09648485469604194,306.28679943084717
7.499152762722053,0.15657672343827445,0.0,0.0,-0.991221535838658,0.13221144764978557,308.0357689857483
7.076686557879499,0.04096616117400951,0.0,0.0,-0.9922620170710549,0.12416154589115622,309.5676851272583
6.648535022641489,-0.07172645981696621,0.0,0.0,-0.9930751520486465,0.11748081708754711,311.0969259738922
6.21323981053443,-0.19193164226455994,0.0,0.0,-0.9923771143008284,0.12323823680968703,312.6278200149536
5.78850490478397,-0.3198942225883527,0.0,0.0,-0.988037053474516,0.1542166688830896,314.2381925582886
5.412959034046803,-0.47881243968898596,0.0,0.0,-0.9033815016331441,0.4288378044284875,318.598331451416
5.427798909111225,-0.47948717825843445,0.0,0.0,-0.5737641792258906,0.8190205532446911,320.82350516319275
5.437817036135422,-0.48403591400013274,0.0,0.0,-0.09614399216977021,0.9953674360605028,322.81733202934265
5.450096659194833,-0.48630628651097546,0.0,0.0,0.40781690884325583,0.9130637266157996,324.8045217990875
5.456373510261212,-0.35223850802325074,0.0,0.0,0.8106599721257922,0.5855172154540034,327.1011679172516
5.137590659699974,0.017558278640080256,0.0,0.0,0.9623119576709498,0.27194796583814346,330.01347255706787
4.736149340253402,0.15737943710865407,0.0,0.0,0.9941046989317129,0.10842438638004048,332.0890791416168
4.3154721458402205,0.1452363728183707,0.0,0.0,-0.9949489218650478,0.10038248293192926,334.5244128704071
3.890876134027482,0.017835722823834534,0.0,0.0,-0.9921850187619199,0.12477535231129888,336.1409890651703
3.4636580882302836,-0.0939456674828857,0.0,0.0,-0.9943173189445471,0.10645688914733402,337.74491357803345
3.0446198920801364,-0.11018626103451108,0.0,0.0,0.9934975848815313,0.11385318983043285,340.51153683662415
2.6315433496311047,-0.026229842855789772,0.0,0.0,0.996640593697771,0.08189949324479627,342.0490598678589
2.2370962286887046,0.028046379362970882,0.0,0.0,0.9986944085633167,0.05108305300554149,343.5642960071564
1.8321277285796478,0.0593261743040303,0.0,0.0,0.9992971981954206,0.037484792633576465,344.9442720413208
1.4187197975137527,0.05183444336536685,0.0,0.0,-0.9982060259578658,0.05987261261549111,346.93746638298035
1.2056386310233067,0.013304610233376927,0.0,0.0,-0.9352367826259974,0.35402282472091107,350.76555728912354
1.2130253994840834,0.0009853239442874624,0.0,0.0,-0.6173610833914911,0.7866799175736497,352.1295280456543
1.2150269944491527,-0.02598965375040964,0.0,0.0,-0.1412085216967389,0.9899798752501091,353.5168340206146
1.6342473678158262,0.0007814349480916214,0.0,0.0,0.0321943799199924,0.9994816265952903,356.0501024723053
2.0721552713843407,0.016083770473371888,0.0,0.0,0.014376325788219272,0.9998966552883508,357.57721996307373
2.515750511485001,0.018945384945702616,0.0,0.0,0.0033865542816371975,0.9999942656086072,359.1082890033722
2.954598445251862,0.02041541387047191,0.0,0.0,-0.004858572622727596,0.9999881970663802,360.64588046073914
3.3786938149574075,0.019644629098856312,0.0,0.0,-0.0022174525537467307,0.9999975414490637,362.1041650772095
3.8035659946134404,0.007294901199751331,0.0,0.0,-0.03841333402199764,0.9992619355150653,364.69179224967957
4.23879672602704,-0.018270179890916387,0.0,0.0,-0.026242157228087523,0.9996556152915945,366.8467297554016
4.684546635316066,-0.028143026256497658,0.0,0.0,-0.0068113711725515825,0.9999768023423092,368.36885952949524
5.109226989336243,-0.02231155488454121,0.0,0.0,0.006923768720098322,0.9999760304260851,369.8228051662445
5.535760740967942,-0.006620334314722272,0.0,0.0,0.015047069126487964,0.999886786446697,371.2766442298889
5.949317214948695,0.005925462615089017,0.0,0.0,0.019781907276970195,0.9998043189267014,372.64589524269104
6.349698736351133,0.02983047468150464,0.0,0.0,0.018685661398344492,0.9998254077878329,374.49797105789185
6.7793263693099854,0.0556275404405432,0.0,0.0,0.02211552271545433,0.999755421918292,377.55127787590027
7.217763454245339,0.08704237601552973,0.0,0.0,0.04119957019977188,0.9991509372539036,379.07952547073364
7.635509972971537,0.13380246311508512,0.0,0.0,0.06906393526456599,0.9976122357137426,380.6120548248291
8.055451818207255,0.20263825288542656,0.0,0.0,0.07994373859868423,0.9967993773367163,382.06011939048767
8.475962212552181,0.2860183993463819,0.0,0.0,0.11226018503896466,0.9936788469395016,384.12570238113403
8.648419279268717,0.33469742853770135,0.0,0.0,0.5787255939356702,0.8155223399293275,391.471097946167
8.636731464221034,0.3501702236966051,0.0,0.0,0.9106431780279346,0.4131936619929974,393.8310422897339
8.41481074164565,0.3411496380746914,0.0,0.0,-0.9981125743989919,0.061410820110276806,396.5208852291107
7.974655813743416,0.2626168791549063,0.0,0.0,-0.9899444702081469,0.14145651594858144,398.4257652759552
7.526945446301405,0.1349806652475062,0.0,0.0,-0.9894268748842928,0.14503261445861712,400.10668182373047
7.074717859139104,0.010873886813987503,0.0,0.0,-0.9926064808685268,0.1213769917974536,401.79184103012085
6.625011951445921,-0.09078093884602799,0.0,0.0,-0.9939452727524697,0.10987627029080738,403.39599895477295
6.19921747553909,-0.184053449839762,0.0,0.0,-0.9935858995340999,0.11307988436062977,404.93313121795654
5.758739584553422,-0.2959927305705082,0.0,0.0,-0.9878415605716551,0.15546398685019358,406.6095016002655
5.411468666608895,-0.45988363691272266,0.0,0.0,-0.8869843743930399,0.46179943653342376,411.04555583000183
5.411604342878617,-0.4616377706180694,0.0,0.0,-0.5349062674059301,0.8449114066515232,413.4225790500641
5.420327599965672,-0.47912561856212793,0.0,0.0,-0.0505367770842516,0.9987222006954369,415.4105248451233
5.437587554731852,-0.47257703276414215,0.0,0.0,0.45514713843912297,0.8904162410753061,417.470636844635
5.4260549547841705,-0.38373755674838184,0.0,0.0,0.8350851400048577,0.5501207221538443,419.8481469154358
5.105491784503366,-0.005902561131150961,0.0,0.0,0.9582480294757761,0.2859383045445154,422.6018190383911
4.705236059209852,0.14950599077859994,0.0,0.0,0.9934400099396962,0.11435447805405946,424.7460494041443
4.422433048045731,0.10674540212491682,0.0,0.0,-0.9143566314621703,0.40490980539022864,427.49572920799255
4.420819162283401,0.08036608389128692,0.0,0.0,-0.579530002033543,0.8149509044985481,428.94256472587585
4.4303905683740314,0.06368879547865622,0.0,0.0,-0.09891458881310163,0.995095927094436,430.4770965576172
4.490740651061519,0.06393258035419785,0.0,0.0,0.39662515021814637,0.9179806589544427,432.92581272125244
4.503985287093502,0.07515658052609195,0.0,0.0,0.805238905978107,0.5929505074617791,435.06016969680786
4.487574371727693,0.0807490208949333,0.0,0.0,0.9916902146567754,0.12864881714962884,437.1266973018646
4.058580038740149,0.08835543384993079,0.0,0.0,-0.9998229359065915,0.018817460910644616,439.1287417411804
3.6382019293578907,0.04940870582953661,0.0,0.0,-0.9986568652744373,0.05181182722346615,440.64432525634766
3.211195752291532,-0.014089425739862271,0.0,0.0,-0.9977950246871726,0.06637084231441137,442.1862189769745
2.7818285909832103,-0.07366934618732704,0.0,0.0,-0.9981078871784,0.06148695432585918,443.7181363105774
2.3565642740555517,-0.1226175589179981,0.0,0.0,-0.998636217555979,0.05220828464417726,445.25524282455444
1.9418537943024183,-0.16508352269473728,0.0,0.0,-0.9990214899956205,0.04422739566072705,446.7756359577179
1.5246249664977742,-0.18110557305451297,0.0,0.0,0.9989095411377032,0.046687563912280024,448.621262550354
1.192755331214988,-0.08330682305428758,0.0,0.0,0.9121237024784223,0.40991505385513044,453.2244234085083
1.1986438376123483,-0.08040302822714196,0.0,0.0,0.5708473091092109,0.8210562402678473,454.75717091560364
1.2073265728505955,-0.07898111590008126,0.0,0.0,0.07761248940325402,0.9969836014141004,456.4435534477234
1.6197303100528715,-0.12010597657932394,0.0,0.0,-0.03414060953335415,0.9994170394688551,458.73549365997314
2.0566945871092632,-0.13921517688010895,0.0,0.0,-0.010084663438760869,0.9999491484887254,460.2715673446655
2.4910555096237554,-0.11007443045931141,0.0,0.0,0.0769427221230746,0.9970355146695083,462.40908455848694
2.9401581511165924,-0.05512272427714608,0.0,0.0,0.05497467539028064,0.9984877490814463,464.02070140838623
3.3597566586144354,-0.003341508933645777,0.0,0.0,0.04857365643903568,0.9988196032818651,465.4820954799652
3.762692902782693,0.0075532855015083234,0.0,0.0,-0.023163674931313525,0.9997316860856599,467.8514549732208
4.180946201101215,-0.015608093840608565,0.0,0.0,-0.025428956465035936,0.9996766318030542,470.22594022750854
4.6273293669337745,-0.03280490643078383,0.0,0.0,-0.007787119259911605,0.9999696799271626,471.7572591304779
5.073386638411699,-0.025802588463225595,0.0,0.0,0.008306000378409789,0.9999655045838901,473.27846240997314
5.471011240125276,-0.015148531708401566,0.0,0.0,0.014720758563931794,0.9998916437631141,475.9581639766693
5.872578396700168,-0.0003932647967905901,0.0,0.0,0.01571187281934883,0.9998765609076495,478.79373574256897
6.277118642568829,0.023195917630100427,0.0,0.0,0.011309513169567034,0.9999360454108389,480.93272638320923
6.703241792835563,0.0369819674391744,0.0,0.0,0.010269638489311643,0.9999472658722053,484.14279341697693
7.124678431577379,0.05816422728294666,0.0,0.0,0.03430492304915202,0.9994114129099145,485.6722204685211
7.545235165180486,0.09739062099341311,0.0,0.0,0.05868280725956001,0.9982766791486903,487.21130561828613
7.992111790153076,0.16089146980808516,0.0,0.0,0.07694395360156228,0.9970354196337062,488.8223490715027
8.403668108676573,0.24528721544260954,0.0,0.0,0.12423135995487578,0.9922532787568716,490.6460268497467
8.663790096665887,0.32196517174205014,0.0,0.0,0.3927845771517553,0.9196305105593859,494.7771348953247
8.646281485607714,0.330276025626793,0.0,0.0,0.7991081675383099,0.6011872724647158,496.15281438827515
8.627521003170502,0.3410445127563937,0.0,0.0,0.9924177179338842,0.12291083406641376,497.60142374038696
8.188631376140336,0.2858420721613803,0.0,0.0,-0.9969019340452655,0.07865452241803525,500.1465344429016
7.737410335381229,0.19815658592971194,0.0,0.0,-0.9941266570026118,0.10822287113550176,501.7520945072174
7.298455663928612,0.10252011584605411,0.0,0.0,-0.9939503232296487,0.10983057384752593,503.29004526138306
6.862009143759347,0.008870369363566043,0.0,0.0,-0.994381263791537,0.10585793413979781,504.8093888759613
6.423633045060227,-0.09447839236923655,0.0,0.0,-0.9923161236751203,0.12372837465344501,506.3418438434601
5.982670836874905,-0.20799393195713392,0.0,0.0,-0.9911743851252353,0.1325644683601602,507.879958152771
5.546936308799293,-0.3741226371513666,0.0,0.0,-0.9712356615024147,0.23812032636036534,510.2504336833954
5.4111883340073,-0.46856645285573334,0.0,0.0,-0.7218767645200063,0.69202163033111,514.0739827156067
5.418760672572384,-0.47511558893577976,0.0,0.0,-0.2896743546796816,0.9571252625654126,516.4448847770691
5.427966109195751,-0.47931226843334906,0.0,0.0,0.23209337414752956,0.9726935106583239,518.5045545101166
5.440134790104338,-0.47027203763209585,0.0,0.0,0.6726496634280771,0.7399611005249497,520.6553633213043
5.270521268401548,-0.16041328241424638,0.0,0.0,0.9206240531255095,0.39045019247883467,523.3248598575592
4.880566051773357,0.08751032179775772,0.0,0.0,0.9836553678448259,0.18006142649124013,525.7681212425232
4.450152799246774,0.15398736568834986,0.0,0.0,0.999820056727671,0.01896982248405728,527.9202418327332
4.030739963073336,0.12125737896424468,0.0,0.0,-0.9984068106078561,0.05642553085127808,529.6862049102783
3.6142336408958093,0.03373552808550862,0.0,0.0,-0.9962914614556515,0.08604256987423126,531.2077407836914
3.1799681648457225,-0.057019222001116525,0.0,0.0,-0.9957519447150497,0.09207640629497124,532.7433009147644
2.7664083738608936,-0.12269416862736966,0.0,0.0,-0.9977203895947082,0.06748351048207055,534.4246814250946
2.343575749794203,-0.17039244842843074,0.0,0.0,-0.9987194813782386,0.05059048839042758,536.0315520763397
1.9198918957341122,-0.21719198748891191,0.0,0.0,-0.9989245698622541,0.04636489755742566,537.5674686431885
1.4980132753819733,-0.23485311565460465,0.0,0.0,0.997965752648119,0.06375230616592006,539.485851764679
1.175723024964808,-0.11188806971156606,0.0,0.0,0.8746174790117197,0.48481363987328574,544.0035943984985
1.1790375408216556,-0.10709846573321524,0.0,0.0,0.5052917072399576,0.8629486025219166,545.528636932373
1.1889414964003981,-0.10294583649932479,0.0,0.0,0.011052403899831885,0.9999389203186537,547.2983906269073
1.613296516291292,-0.12212872631737244,0.0,0.0,-0.017317930381043813,0.9998500333986678,549.2768211364746
2.0374398625653494,-0.1288519419521709,0.0,0.0,-0.0017588100250878278,0.9999984532924516,550.7376596927643
2.473065730744771,-0.12313439972760559,0.0,0.0,0.008903746470967583,0.9999603608637598,552.185378074646
2.8983541735381144,-0.10531658858946832,0.0,0.0,0.01979405590398539,0.9998040784828145,553.6346416473389
3.304595319073227,-0.07341999884217325,0.0,0.0,0.028316136937512337,0.9995990178011062,555.0218968391418
3.7316633447928242,-0.04863503450847045,0.0,0.0,0.02555525271123994,0.99967341119931,557.1584625244141
4.162859273052427,-0.04121621085924605,0.0,0.0,0.012807926284822564,0.9999179751481031,559.8375954627991
4.587469158459764,-0.034272418224538866,0.0,0.0,0.014360816095533316,0.9998968781634785,561.2115886211395
4.9991370214632145,-0.014840929540972533,0.0,0.0,0.01801433842112823,0.9998377286396274,562.5998396873474
5.441166014931794,0.007492042544538496,0.0,0.0,0.012940380887667174,0.999916269765865,564.1234614849091
5.872408457615998,0.02684957741042765,0.0,0.0,0.018350860181466772,0.9998316087874999,565.5859472751617
6.299162771025873,0.05263871225688951,0.0,0.0,0.009134641463384217,0.9999582782923173,567.3415050506592
6.71407120947098,0.04181568131868562,0.0,0.0,-0.019338528277992505,0.9998129931762446,570.4841015338898
7.125108400507753,0.03822598827806052,0.0,0.0,0.005711420026299223,0.9999836897076287,571.9330370426178
7.541977059942609,0.0694479477808727,0.0,0.0,0.05744782606355412,0.9983485099305611,573.6295990943909
7.969129670062337,0.13508232075650592,0.0,0.0,0.06789273604807013,0.997692626209048,575.1637082099915
8.386172967735009,0.23216727652627225,0.0,0.0,0.13383790872655402,0.9910032362145457,576.9199438095093
8.654271163565413,0.3239585166961244,0.0,0.0,0.4252460740525539,0.9050777737315672,581.2801337242126
8.646657489714434,0.33963151760651983,0.0,0.0,0.813281109995388,0.5818709789331905,582.6572034358978
8.632080025269715,0.3480849740191142,0.0,0.0,0.9949822769938867,0.10005132916688513,584.181646823883
8.192934582135145,0.30578605003225295,0.0,0.0,-0.9972501202337599,0.07410936306399686,586.7153482437134
7.75377312065625,0.21180455353564462,0.0,0.0,-0.9918571253341294,0.12735557672876796,588.5526511669159
7.320021984128984,0.09609137418315171,0.0,0.0,-0.9924543506313046,0.12261468881416886,590.0744459629059
6.889055618827252,-0.018810334337583813,0.0,0.0,-0.9932132670845067,0.11630737761346127,591.6093301773071
6.452801499653169,-0.13463759069310735,0.0,0.0,-0.9925176158781809,0.12210152403427127,593.1463806629181
6.010832961153132,-0.2525821866571801,0.0,0.0,-0.9916159552296805,0.12921995718126636,594.6692004203796
5.567972939374973,-0.4025622462913982,0.0,0.0,-0.9817722681161821,0.1900610784932239,596.9768829345703
5.411828920277915,-0.47855778665001314,0.0,0.0,-0.7572509866989612,0.6531239875731482,600.8104469776154
5.411243547277312,-0.48336614513740583,0.0,0.0,-0.32462696269484487,0.9458421301102631,603.2569196224213
5.418790415156764,-0.48548755697484325,0.0,0.0,0.18330966469764834,0.9830552206404459,605.2472641468048
5.4279234993637635,-0.46427907844884486,0.0,0.0,0.6516587919196596,0.7585122404508775,607.4710004329681
5.264366902982727,-0.11757113501411036,0.0,0.0,0.9277134359651108,0.37329315655367723,610.307699918747
4.871811004905364,0.10795166445981351,0.0,0.0,0.9860296680136816,0.16656978656655835,612.678822517395
4.47582017972389,0.1765760392347911,0.0,0.0,0.9999595911116606,0.008989779963976676,614.7535016536713
4.038495158764916,0.04313766338203611,0.0,0.0,-0.9868324678984606,0.16174572730503187,617.049569606781
3.5895726210586485,-0.11215936908104317,0.0,0.0,-0.9920823591454563,0.1255889830852447,618.8896884918213
3.1615693546244454,-0.21046417900999376,0.0,0.0,-0.9978503008914454,0.06553454822344998,620.807445526123
2.7279075618076796,-0.24971720499928907,0.0,0.0,-0.999933618539944,0.011522088075248056,622.6352627277374
2.315204467784719,-0.25521216751563475,0.0,0.0,0.99952083788301,0.030953103845101665,624.3162512779236
1.8987462368125125,-0.22916666734197114,0.0,0.0,0.9993244050083251,0.03675232720192062,625.8514831066132
1.507876826092604,-0.18907801495247614,0.0,0.0,0.9950891924039827,0.09898231741472484,627.5354549884796
1.1954442982030877,-0.08316564957127416,0.0,0.0,0.901487096402583,0.43280597849341235,631.9810793399811
1.1994090823297232,-0.08373941779641535,0.0,0.0,0.5510661368826933,0.8344615705838014,633.5183391571045
1.2036904320971744,-0.08424393400975112,0.0,0.0,0.057063628731542505,0.998370543573872,635.207079410553
1.6216624646118576,-0.062398351956590846,0.0,0.0,0.06544863576982356,0.997855939540307,638.9483795166016
2.045537473168183,-0.013657820939730609,0.0,0.0,0.04792957881554902,0.9988507173119335,640.4836049079895
2.4610238763601155,0.029351936436191876,0.0,0.0,0.03092724000711789,0.9995216384979078,642.0061309337616
2.899331096650027,0.04941244644654113,0.0,0.0,0.012171620625702274,0.9999259230819771,643.6130990982056
3.3299879309427776,0.06186258340681829,0.0,0.0,0.0064304465910258735,0.9999793244645812,645.076985836029
3.7490533012471254,0.05361811908533693,0.0,0.0,-0.022831521533482068,0.9997393268369841,647.3723487854004
