0.0,0.0,4.37322998046875
0.0,0.0,4.373561382293701
0.0,0.0,4.472758054733276
0.0,0.0,4.572770118713379
0.0,0.0,4.672947645187378
0.0,0.0,4.772806882858276
0.4000029443665426,0.0,4.875052213668823
0.4000032465914046,0.0,4.9745190143585205
0.27892075292766094,0.0,5.074610471725464
0.3007667544712588,0.0,5.174438238143921
0.30112445115614206,0.0,5.274275302886963
0.300315066629375,0.0,5.374300956726074
0.3015329404872752,0.0,5.47433614730835
0.3015329404872752,0.0,5.574324131011963
0.30161301650867767,0.0,5.674360752105713
0.30083429231576686,0.0,5.77431583404541
0.3010494049206389,0.0,5.874327898025513
0.30162946964247417,-0.05231630308921204,5.97434663772583
0.30074796705382834,-0.045262228771063846,6.07433295249939
0.30109793873210833,-0.043263573738697325,6.174301862716675
0.3011521770644182,-0.03553329226315806,6.27434515953064
0.3011410646128647,-0.03581219170928786,6.37436580657959
0.3012425634313515,-0.03246190726364913,6.4743735790252686
0.30086036065620125,-0.03166536010409655,6.574437856674194
0.30158181891462044,-0.047243876892485104,6.674324035644531
0.30005457761997234,-0.04914004223323182,6.774315118789673
0.30098584151701335,-0.04645719895825573,6.874392747879028
0.3003275955954128,-0.025542141418707982,6.974395036697388
0.3003275955954128,-0.04285638550982663,7.074479341506958
0.3010729818294101,0.0,7.174420595169067
0.30081348627089866,0.0,7.274547338485718
0.30008789280413384,-0.04136142465040871,7.37441873550415
0.3011126185057106,-0.055876976651090544,7.474475860595703
0.30149894527719423,-0.05679264951399283,7.5744099617004395
0.30018881617923976,-0.03976314938382099,7.674428701400757
0.30110457076685704,-0.04570923982874342,7.774430990219116
0.3007451909459652,-0.05666065729762376,7.87443208694458
0.3011352272912218,-0.05076767182663866,7.974491834640503
0.3014140298405439,-0.038852667480118966,8.074441194534302
0.30158268189473925,-0.04176861191854664,8.174473285675049
0.30099427341529283,-0.045315127398230515,8.274401664733887
0.30017987171711025,-0.02939077607895197,8.374447584152222
0.30159692422916606,-0.02939077607895197,8.474512815475464
0.30098737176098256,0.0,8.574931859970093
0.3005162884641325,0.0,8.674562692642212
0.3014991885209155,0.0,8.774550437927246
0.3015636610125627,0.0,8.874532222747803
0.3004681715677813,0.0,8.974490880966187
0.3012350369759216,0.0,9.074472904205322
0.3001019396929867,0.0,9.174495220184326
0.3005868504304694,0.0,9.274517059326172
0.3011035877543289,0.0,9.37458086013794
0.30030726817028064,0.0,9.474526405334473
0.3003410639816019,0.0,9.574836730957031
0.3009629237799767,0.0,9.674560070037842
0.3008712195125821,0.0,9.7745041847229
0.3008823772422985,0.0,9.874587774276733
0.3008615376827495,0.0,9.974545955657959
0.30022395478523034,0.0,10.074623107910156
0.30000661633891357,0.0,10.174611806869507
0.30049117871344433,0.0,10.274548768997192
0.3012299334759283,0.0,10.374628782272339
0.30006012866723364,0.0,10.474650621414185
0.3002458272782341,0.0,10.575001955032349
0.3009989767476793,0.0,10.674457788467407
0.30076564498872493,0.0,10.77469778060913
0.3008416923180859,0.0,10.874577760696411
0.3008662958504068,0.0,10.974529027938843
0.30033092718178456,-0.016069240882796678,11.074574708938599
0.3003735248683559,-0.026614356830127927,11.174506425857544
0.30109192313240785,-0.022853415008438245,11.274441480636597
0.30018490032359035,-0.01167872491366181,11.3745858669281
0.30142497029519444,-0.029436234196059795,11.474563360214233
0.3007599922655344,-0.05950420310622767,11.57585620880127
0.30150205621779225,-0.04459468605683037,11.674655437469482
0.3004951346829825,-0.06273717583206138,11.774683713912964
0.30099346016218076,-0.03779429711009326,11.874697923660278
0.30035461903849403,-0.045259540479042015,11.975027561187744
0.3005533529743397,-0.03606462017387937,12.074998617172241
0.3014795477554153,-0.02566926136220755,12.174962282180786
0.30057072057027345,-0.04299716609285065,12.274906635284424
0.300223657458348,-0.043689408849336586,12.374970436096191
0.30034681073984093,-0.04048644153303223,12.474889755249023
0.30078259219025305,-0.033373172875297695,12.575609683990479
0.3016123782814163,-0.04005505288706014,12.674903154373169
0.300496481778873,-0.046715615827002004,12.774780750274658
0.30117518366098905,-0.041116011838771775,12.875224828720093
0.3008798205822336,-0.04205808001325317,12.974900960922241
0.3014490911432568,-0.056583963408085865,13.074962615966797
0.30158242837515725,-0.03962167866135898,13.175014734268188
0.3009250949165082,-0.03582205950821699,13.274938821792603
0.30032042639834333,-0.04181095822469183,13.375060796737671
0.3005111472239491,-0.029267856400263925,13.47482705116272
0.3011178051244555,-0.039664513941266036,13.575551271438599
0.299319525761907,-0.02593621659631791,13.67930006980896
0.29259788612379645,-0.04288162903762178,13.774752378463745
0.2878615901517807,-0.032216275504202044,13.874661922454834
0.2842758491387942,0.0,13.974734783172607
0.27755349330996626,0.0,14.074923276901245
0.2730091727634666,0.0,14.174798965454102
0.26947701746001373,0.0,14.274618864059448
0.2637494574365461,0.0,14.374484062194824
0.2591157416857762,0.0,14.47452998161316
0.2551264831648766,0.0,14.574458599090576
0.2496199552568518,0.0,14.674584865570068
0.24566704275517828,0.0,14.774539232254028
0.3830548286396065,0.0,14.874578714370728
0.37657290801910925,0.0,14.974809646606445
0.36400261804648926,0.0,15.074561357498169
0.3578577697307609,0.0,15.174564361572266
0.3510756210637005,0.0,15.274580478668213
0.3384003254881646,0.0,15.374396085739136
0.32724945185377613,0.0,15.474592685699463
0.3201574486935989,0.0,15.574878692626953
0.30818496227827863,0.0,15.674331188201904
0.2970356923952751,0.0,15.774439573287964
0.2891142846362476,0.0,15.874474287033081
0.2818536518741464,0.0,15.97445011138916
0.2735275480495625,0.0,16.074349641799927
0.2626354617669266,0.0,16.174336671829224
0.2512168054901424,0.0,16.274427890777588
0.24255253185500766,0.0,16.374338626861572
0.23309413907707113,0.0,16.474406480789185
0.22577793696247786,0.0,16.574057817459106
0.2148065871237935,0.0,16.674173831939697
0.20627516273318794,0.0,16.77412176132202
0.19881500842261457,0.0,16.874195098876953
0.1889623661892376,0.0,16.97429084777832
0.18232479486144162,0.0,17.07412052154541
0.17592786048405132,0.0,17.174172401428223
0.1680937225896708,0.0,17.274145126342773
0.1612080093293468,0.0,17.374332904815674
0.15602974473044112,0.0,17.474470853805542
0.1566253853208652,0.0,17.574313163757324
0.15044667512997478,0.0,17.674418210983276
0.14603917043452777,0.0,17.774054765701294
0.14120713179144978,0.0,17.874073266983032
0.13490397280852084,0.0,17.974075317382812
0.12972668616564795,0.0,18.074143886566162
0.11305021810445365,0.0,18.174046993255615
0.1098587876615334,0.0,18.27416181564331
0.10742309920119902,0.0,18.374019145965576
0.1,0.0,18.473934173583984
0.1,0.0,18.57459592819214
0.1,0.0,18.67415714263916
0.1,0.0,18.774006605148315
0.1,0.0,18.874059677124023
0.1,0.0,18.97407054901123
0.1,0.0,19.074058055877686
0.1,0.0,19.174096822738647
0.1,0.0,19.274068117141724
0.1,0.0,19.37403893470764
0.1,0.0,19.474053859710693
0.1,0.0,19.5745849609375
0.1,0.0,19.67439556121826
0.0,0.0,19.772942066192627
0.0,0.0,19.872867107391357
0.0,0.0,19.97119927406311
0.2833378501236439,0.04082355050272065,20.073570728302002
0.2744005471467972,0.04439944824890086,20.17327880859375
0.2823481932282448,0.033581509735239164,20.27332067489624
0.30088550880730547,0.04201591810897777,20.37336540222168
0.3005239218485606,0.033090887140286594,20.473634719848633
0.3013273748934592,0.030788173448098324,20.57329273223877
0.30105663536101324,0.031998314967954924,20.67351460456848
0.30127688508786254,0.03266705239412228,20.773735523223877
0.30050379806073346,0.025735445800972596,20.87364172935486
0.30063995753573725,0.03908611000270436,20.97359347343445
0.3015394556507912,0.03171361006404223,21.07349920272827
0.30090357400702517,0.04184017471576991,21.17356252670288
0.30103808245347075,0.03413061007465187,21.273521423339844
0.3015123749684647,0.035455598976267,21.37362289428711
0.30135884438726446,0.038933078336872554,21.473488569259644
0.301288328552332,0.020975813749981555,21.57302236557007
0.30006903403553253,0.025210527281619998,21.673487901687622
0.30128146626542407,0.03931556969488921,21.773523092269897
0.30017938956573065,0.030816308703077458,21.873658180236816
0.3002560411712456,0.029891571190551313,21.973475217819214
0.30148312822296053,0.024681415889216084,22.073615550994873
0.3003530809702998,0.031870108258322274,22.173200607299805
0.3005558637973397,0.022130570854795608,22.273080348968506
0.30051728155500235,0.03333676529337506,22.37338376045227
0.30158220701768723,0.04038325189367721,22.473287105560303
0.30117945835940596,0.018836389776123195,22.57275390625
0.3000013904836505,0.025213415283513684,22.67330503463745
0.3009284319860581,0.02270094539578022,22.773140907287598
0.3013662750831889,0.01680413306151565,22.87321138381958
0.3002279433655427,0.025475483868075032,22.973215341567993
0.30155811926096066,0.027994099553478383,23.07325029373169
0.30160903307612663,0.01747426994537052,23.173195362091064
0.3003574553939755,0.016972907367897666,23.273174047470093
0.30116578723788334,0.02052634909356895,23.373560190200806
0.3002467166550883,0.006563686780435472,23.47329092025757
0.3003536157153067,0.01639106728528674,23.572816133499146
0.3000018830860076,0.012422020445381736,23.673269271850586
0.30107147221978114,0.024439245011461396,23.773273229599
0.30098908360450105,0.02187523759509388,23.873393774032593
0.3003121016993089,0.02388843103851141,23.973414421081543
0.3007889497559011,0.02090423413013156,24.073297262191772
0.3010970080360149,0.0,24.17319130897522
0.3001253177113685,0.0,24.273288011550903
0.30133266039282514,0.0,24.37340784072876
0.30081383408210305,0.0,24.473516702651978
0.300030151890779,0.0,24.5732843875885
0.30136780354936343,0.0,24.673545122146606
0.3014295835051528,0.0,24.77355146408081
0.30144538134638554,0.0,24.873745679855347
0.30135012917360726,0.0,24.97352433204651
0.3013108312460753,0.0,25.073725938796997
0.2998859242645159,0.0,25.173656225204468
0.2956324493810144,0.0,25.273650407791138
0.28986655634393277,0.0,25.37357783317566
0.2842275205705296,0.0,25.47355580329895
0.28057690429679083,-0.009690947437928497,25.573643445968628
0.2769443865803859,0.0,25.673290014266968
0.27010209948256614,0.0,25.773085355758667
0.26522500533091187,-0.001710412572873264,25.873170614242554
0.26046794255857864,-0.010224654877827945,25.973008394241333
0.2554622801019546,0.0,26.073120832443237
0.25044780350782425,-0.015425334699255859,26.17322039604187
0.2470997861777949,-0.015691970955384407,26.27301812171936
0.38298537453316905,-0.006364339045984178,26.373122930526733
0.37418683441109146,-0.014501501355124149,26.47307062149048
0.3685938980932829,0.0,26.57323455810547
0.3598838206801751,-0.022759778003551452,26.673008680343628
0.35078408818608875,-0.023669661532499286,26.772993803024292
0.34340202138763565,-0.02035658391878793,26.872944355010986
0.3329091704432771,0.0,26.97300672531128
0.32278545469809367,0.0,27.07304334640503
0.3127192181092377,0.0,27.17311143875122
0.3027531448021423,0.0,27.27304720878601
0.29168599863786154,0.0,27.37328267097473
0.2833398504977916,0.0,27.473243713378906
0.27470810491485004,0.0,27.57333469390869
0.26254292923112266,0.0,27.672831535339355
0.25273545602556774,0.0,27.772767305374146
0.24571619646173856,0.0,27.872894763946533
0.23407916948685895,0.0,27.972729921340942
0.22523249639355913,-0.06060992703822099,28.072770357131958
0.21827008807659584,-0.07096905481119298,28.172789335250854
0.20851238151385554,-0.06908028719848708,28.272791624069214
0.19971225457547723,-0.06441966122702546,28.37288737297058
0.19331788333113,-0.0831980440569551,28.47270107269287
0.18463910803466724,-0.06804836219862885,28.57268261909485
0.17668903627880175,-0.08466711601144385,28.672811269760132
0.17093545070496594,-0.08297468682653023,28.772759675979614
0.1659639039899195,0.0,28.872835636138916
0.15774641916462764,0.0,28.972853422164917
0.151619947004553,0.0,29.072786569595337
0.14708282509104026,0.0,29.17273187637329
0.13989045848720166,0.0,29.27267026901245
0.13454552767621472,0.0,29.3728084564209
0.13030817209484566,0.0,29.47270107269287
0.12413819934372369,0.0,29.572718858718872
0.1188747977984406,0.0,29.672698974609375
0.11452593636853284,0.0,29.772602796554565
0.10934043545607694,0.0,29.872776746749878
0.10465240795645633,0.0,29.972747564315796
0.10559040242780093,0.0,30.07267165184021
0.1,0.0,30.17271089553833
0.1,0.0,30.272684574127197
0.1,0.0,30.372716426849365
0.1,0.0,30.47258424758911
0.1,0.0,30.572670221328735
0.1,0.0,30.67257261276245
0.1,0.0,30.772543907165527
0.1,0.0,30.872695922851562
0.1,0.0,30.972625970840454
0.1,0.0,31.073155403137207
0.1,0.0,31.173087120056152
0.0,0.0,31.271388292312622
0.0,0.0,31.371521472930908
0.0,0.0,31.474660396575928
0.29072121158242226,0.0,31.57684063911438
0.28567229583859444,0.0,31.676801919937134
0.3016204769949662,0.0,31.77683115005493
0.30076888620590914,0.0,31.876781463623047
0.2749481834471226,0.0,31.976717472076416
0.28941747173666954,0.0,32.0768780708313
0.30073913751840586,0.0,32.176880836486816
0.3013720960520039,0.0,32.27675676345825
0.30072494034803365,0.0,32.376770973205566
0.3001485646711859,0.0,32.476829290390015
0.30039276775820645,0.0,32.57677412033081
0.30000897348990974,0.0,32.67675542831421
0.30062370442665876,0.0,32.77674150466919
0.3006926369110484,0.0,32.876837730407715
0.30039813378889213,0.030957173541997018,32.97677040100098
0.30149731980797057,0.05863392965770081,33.07680368423462
0.3015585720200791,0.11143118668543664,33.17683124542236
0.30039613847628066,0.1318054931924531,33.27692246437073
0.3016138785647817,0.14725513819016908,33.37693238258362
0.30015779293213807,0.1973263311542963,33.47683000564575
0.3006191483009586,0.19959900038022743,33.57700228691101
0.3001275152882751,0.19614479573149432,33.676827907562256
0.30026336364022566,0.1788173017141066,33.776795625686646
0.30116896496556933,0.18332367453135937,33.876874685287476
0.3009896588861837,0.17669166687287777,33.97691321372986
0.30057907090340785,0.17786724928178282,34.07683491706848
0.30107293510635647,0.1673461205080936,34.176860332489014
0.3007105080244483,0.1601392753814396,34.27702188491821
0.30103256169187276,0.1540334910546478,34.37690186500549
0.3001341532992108,0.15042702261554566,34.47693133354187
0.3000809149198387,0.13739113290058935,34.576870918273926
0.3013344529833668,0.12686336565958825,34.6771240234375
0.2966765296585614,0.1353821769748863,34.77775502204895
0.29232360901918375,0.12726713124858702,34.87712836265564
0.289131954340345,0.12046867107090195,34.9771523475647
0.28364404246353314,0.12030669544872481,35.07717251777649
0.27936838061551494,0.12190164123710828,35.17710828781128
0.2759976497302301,0.13031179328498083,35.27712941169739
0.2702674304145892,0.12245714535054406,35.377140045166016
0.2659155374033989,0.11139333208924843,35.477065563201904
0.26208485386848435,0.11258779054409576,35.57675099372864
0.25699511451328316,0.1099115354450125,35.67685341835022
0.2527712548809349,0.10085352933720533,35.7766809463501
0.39751299039777177,0.05584465571139985,35.87704420089722
0.3889958075279093,0.04690245860501336,35.97709274291992
0.3807521573600158,0.04600874385551401,36.0770320892334
0.3711326863140305,0.05641804043399662,36.17714023590088
0.36084944065706737,0.04761323293572978,36.27704882621765
0.3502267387869381,0.0542618521293135,36.37698435783386
0.34735038464893947,0.06157815326985561,36.476978063583374
0.3400671353801872,0.05518066541193739,36.576802492141724
0.32946888229124527,0.06826232520765377,36.67694091796875
0.32028610518335243,0.054662639348718685,36.77689981460571
0.3113557054860661,0.06426871066030704,36.87687706947327
0.3002368909898842,0.06875617949194027,36.976813554763794
0.2898840576143097,0.0620161607665451,37.0767822265625
0.28088908122492157,0.07116201294488027,37.17695474624634
0.26902590087975425,0.06475896529461206,37.27676320075989
0.26015043320066167,0.06397605738357492,37.3768036365509
0.2513862489807514,0.07861624991423202,37.47678327560425
0.2439843485934986,0.05515572569872202,37.57676720619202
0.2349389853628827,0.06487760088945686,37.67674398422241
0.22629004575656494,0.05850199474708029,37.77660298347473
0.22008362329946962,0.05837135530616105,37.87648868560791
0.20949001940270207,0.04876536734794313,37.97640919685364
0.20159796819690237,0.04985135934854806,38.07686424255371
0.19501061659054741,0.03944236271475489,38.17623972892761
0.18530179649146047,0.05291424460316957,38.275877952575684
0.17993441344834982,0.0,38.37639260292053
0.17636832576813125,0.0,38.47650337219238
0.1661517011371983,0.0,38.576563358306885
0.16074624935644652,0.0,38.67652463912964
0.1546354352466716,0.0,38.77609610557556
0.12823649927287498,0.0,38.87676739692688
0.1,0.0,38.97723865509033
0.1,0.0,39.07651948928833
0.1,0.0,39.176570892333984
0.1,0.0,39.27628970146179
0.1,0.0,39.376296281814575
0.1,0.0,39.476510763168335
0.0,0.5316948903234381,39.57655692100525
0.0,0.509490085902967,39.676612854003906
0.0,0.5569177150726319,39.7766387462616
0.0,0.5462337086075227,39.87680625915527
0.0,0.5177394628524781,39.976861000061035
0.0,0.5022314523395741,40.076819896698
0.0,0.5505110991628548,40.17691659927368
0.0,0.5228702664375311,40.276686906814575
0.0,0.500000000000001,40.37670826911926
0.0,0.524125572882201,40.47669577598572
0.0,0.5000000000000004,40.57664108276367
0.0,0.5246827508273878,40.67732548713684
0.0,0.5045024777713576,40.77712273597717
0.0,0.5200295925140381,40.87659525871277
0.0,0.4535760760307312,40.976508140563965
0.0,0.44016050100326537,41.076449155807495
0.0,0.5541980743408204,41.17661142349243
0.0,0.5027055025100708,41.27653980255127
0.0,0.5428230586804843,41.376641273498535
0.0,0.5759062647819521,41.4766366481781
0.0,0.5506335804336945,41.57667064666748
0.0,0.5292322045878362,41.6768479347229
0.0,0.6259882926940917,41.77676558494568
0.0,0.6389204144477845,41.87709426879883
0.0,0.5998979687690735,41.977044343948364
0.0,0.6029615283012391,42.0770525932312
0.0,0.5445999979972839,42.17688989639282
0.0,0.5695630192756652,42.276952505111694
0.0,0.5735580801963807,42.37701463699341
0.0,0.5621565461158753,42.4768648147583
0.0,0.5045829892158509,42.576815366744995
0.0,0.48794029951095574,42.67650890350342
0.0,0.5126651406288147,42.77651834487915
0.0,0.5557146549224853,42.87663292884827
0.0,0.5824357151985169,42.97665596008301
0.0,0.5806234955787659,43.076651096343994
0.0,0.5608037590980531,43.17663550376892
0.0,0.5753944993019104,43.2770516872406
0.0,0.5772951722145081,43.37702393531799
0.0,0.5840617299079895,43.47710084915161
0.0,0.5358757257461549,43.577054023742676
0.0,0.5240380048751831,43.67718577384949
0.0,0.48848705291748024,43.7769935131073
0.0,0.49418658269079113,43.87684416770935
0.0,0.47382438559281215,43.97682452201843
0.0,0.4587796361822832,44.07687258720398
0.0,0.4907936165207313,44.17681574821472
0.0,0.49036455091677267,44.27681279182434
0.0,0.4716330402775812,44.37681555747986
0.0,0.45441977601302314,44.47684383392334
0.0,0.5000000000000002,44.57675814628601
0.0,0.4778309765614965,44.676623821258545
0.0,0.48971960983778295,44.776777029037476
0.0,0.5000000000000003,44.876835107803345
0.0,0.4896714775185838,44.97687482833862
0.0,0.4716648879804108,45.07683444023132
0.0,0.5000000000000004,45.17679715156555
0.0,0.4810572724593316,45.27667260169983
0.0,0.470426130922217,45.376723766326904
0.0,0.5000000000000003,45.47676968574524
0.0,0.4519707780135305,45.57679462432861
0.0,0.4833390198255839,45.67682719230652
0.0,0.4639296004646704,45.77681374549866
0.0,0.45064005726262163,45.87687420845032
0.0,0.4385745638295226,45.97672915458679
0.0,0.4141887024829264,46.07682967185974
0.0,0.39999999999999997,46.17674112319946
0.13355109443046304,0.4724654567869086,46.27686047554016
0.16706064661908357,0.488090773318943,46.37671899795532
0.16706950483264538,0.4544591000205596,46.476723432540894
0.13340263844378342,0.47755151861592393,46.5767126083374
0.16557577937223056,0.47382298456995126,46.67658829689026
0.1641963612294703,0.455478071852734,46.77653479576111
0.16293736256208716,0.44150291367581007,46.8766028881073
0.16066272945522325,0.42492179807863706,46.97671127319336
0.1581355955614214,0.4837296300812774,47.076650857925415
0.15607777727041147,0.4707931863634213,47.17666840553284
0.1529709533654324,0.4568006597067182,47.27672338485718
0.15027604043084966,0.437352610889234,47.37676191329956
0.14785065224767266,0.4243461348508536,47.4766800403595
0.1446945931965197,0.4248823962713544,47.57670712471008
0.14182925591694337,0.48372152541813124,47.67671465873718
0.13936837940827915,0.4690418074005524,47.77657699584961
0.1371812486850705,0.4553904247911353,47.876681089401245
0.1167807496480536,0.47028736879951094,47.97656798362732
0.11508911984632177,0.451866962094056,48.07665514945984
0.11393455605559957,0.4366751068516783,48.17659139633179
0.11190188241276552,0.42221373162771497,48.276716232299805
0.1,0.43570211435619177,48.376631021499634
0.11792898214247627,0.48370040968844796,48.476648807525635
0.1141379330569475,0.46579389070209665,48.576762676239014
0.10543645750292575,0.4831967363232063,48.676621437072754
0.1,0.4875481169474751,48.7767059803009
0.1,0.4452954317394056,48.876686096191406
0.1,0.40642663397287104,48.97655510902405
0.1,0.36496778852061224,49.07673406600952
0.1,0.34783053492244925,49.1766676902771
0.1,0.29948698501837884,49.27667570114136
0.1,0.26408921793887485,49.37647247314453
0.1,0.24837200327923428,49.47657537460327
0.1,0.22845944981825975,49.57654905319214
0.1,0.24728207180374553,49.67667508125305
0.1,0.268762636498401,49.77645826339722
0.1,0.10029061436653136,49.87647271156311
0.1,0.1028334379196167,49.976449728012085
0.1,0.0,50.0764524936676
0.0,0.02853455151063297,50.17675733566284
0.0,0.0,50.276283979415894
0.0,0.0,50.37619924545288
0.0,0.0,50.4762065410614
0.0,0.0,50.57614207267761
0.0,0.0,50.67603254318237
0.0,0.0,50.77570915222168
-0.0,-0.0,50.87572002410889
0.0,-0.0,50.97575068473816
0.0,0.4,51.075947284698486
0.0,0.4,51.17588472366333
0.0,0.4,51.275882720947266
0.0,0.4,51.375776052474976
0.0,0.4,51.47574162483215
0.0,0.4,51.57573223114014
0.0,0.4,51.67576241493225
0.0,0.4,51.77597522735596
0.0,0.4,51.87600040435791
0.0,0.4,51.975773334503174
0.0,0.4,52.07572960853577
0.0,0.4,52.175940990448
0.0,0.4,52.27571988105774
0.0,0.4,52.37576150894165
0.0,0.4,52.47584366798401
0.0,0.4,52.57595682144165
0.0,0.4,52.675894260406494
0.0,0.4,52.77599573135376
0.0,0.4,52.875922203063965
0.0,0.4,52.97580528259277
0.0,0.4,53.07593035697937
0.0,0.4,53.17593789100647
0.0,0.4,53.2760534286499
0.0,0.44409621554534684,53.37610340118408
0.0,0.47753415119025105,53.47605562210083
0.0,0.47516357302672785,53.57600688934326
0.0,0.5479687455900425,53.676095485687256
0.0,0.5416070995938447,53.77606987953186
0.0,0.4650348566400271,53.876195430755615
0.0,0.4,53.97587704658508
0.0,0.4,54.07578253746033
0.0,0.4,54.17575168609619
0.0,0.4,54.2757625579834
0.0,0.4,54.37577414512634
0.0,0.4,54.47592806816101
0.0,0.4,54.57586979866028
0.0,0.4,54.67606997489929
0.0,0.46700434219573533,54.77600884437561
0.0,0.4,54.8762583732605
0.0,0.42758059604973514,54.97598719596863
0.0,0.5432996094906564,55.07621788978577
0.0,0.5852410888550967,55.17618155479431
0.0,0.6351912840029006,55.27617359161377
0.0,0.5208394057087986,55.376115560531616
0.0,0.6264027935832072,55.47621154785156
0.0,0.6781632487578005,55.57624006271362
0.0,0.5989430308514556,55.676180839538574
0.0,0.6624482708898474,55.776636838912964
0.0,0.571302397839577,55.87661623954773
0.0,0.6667390892089566,55.976792097091675
0.0,0.7100184493251172,56.07681488990784
0.0,0.7941772928088902,56.176774740219116
0.0,0.8627384145906836,56.27700233459473
0.0,0.9722410318397499,56.3772554397583
0.0,0.9722176207457836,56.47730779647827
0.0,0.9948865916245464,56.57717490196228
0.0,1.0,56.67732262611389
0.0,1.0,56.77730751037598
0.0,0.9835562971874445,56.87718176841736
0.0,1.0,56.97727942466736
0.0,0.8912234474664142,57.07714343070984
0.0,0.8194862430095076,57.17718720436096
0.0,0.7622532124538757,57.277087688446045
0.0,0.6577893202069891,57.37724208831787
0.0,0.5820666527874221,57.477256774902344
0.0,0.5384121349113913,57.577110290527344
0.0,0.4973927398124753,57.67724347114563
0.0,0.4550210347173404,57.776989221572876
0.0,0.4022988575721584,57.87701082229614
0.0,0.4,57.976927042007446
0.0,0.4,58.07679486274719
0.0,0.4,58.17672514915466
0.0,0.0,58.2750346660614
0.0,0.0,58.374948024749756
0.0,0.0,58.46528673171997
0.39701072811149063,0.0892018725997523,58.577611684799194
0.4263234842568636,0.0614880625354616,58.677571058273315
0.29926803335547447,0.05774456199846769,58.77750539779663
0.3008636530780652,0.042342153740556596,58.8775098323822
0.3015238462580132,0.041047829624853614,58.97738838195801
0.3011772690112172,0.035728264149082326,59.07764387130737
0.3013074908910426,0.02937240294719996,59.17754340171814
0.3016265987574983,0.030130698825967927,59.27755117416382
0.3004811495339079,0.043326938103296256,59.37743258476257
0.3013570866171372,0.07851263285663566,59.477420806884766
0.3012754279043537,0.08900961336728772,59.57740116119385
0.3014392168694171,0.09435580168899735,59.677430629730225
0.30025535700866135,0.08437958416578016,59.77738094329834
0.30006886911718567,0.06423474899248073,59.87745189666748
0.3006324456553029,0.08193329772666878,59.97749185562134
0.30093847654067085,0.10288858473497,60.07738518714905
0.30070843757397947,0.1006016234033986,60.177412271499634
0.3015485594474774,0.11017347370323378,60.2773916721344
0.3002650579105697,0.12978753600465617,60.37740874290466
0.30133714825799096,0.13550742778338878,60.47753715515137
0.3013353992632737,0.1283287085984882,60.57751488685608
0.30130643878254115,0.11364575346049506,60.677908420562744
0.30032929494828686,0.12486296672570076,60.77736949920654
0.30159582824230313,0.11432685946163376,60.877442836761475
0.30005452267288346,0.11690330099510517,60.97741651535034
0.30096769113244237,0.08114519021228739,61.077250957489014
0.30090424707811836,0.09260709172016693,61.17737078666687
0.3016583424081093,0.13178752143132053,61.277276277542114
0.30044902214225044,0.07633188790396638,61.3774049282074
0.3002467130253301,0.07635446688846535,61.47743487358093
0.30127965198292284,0.0840997366626796,61.5773024559021
0.30002890734651466,0.061292043465532735,61.67749547958374
0.30102414552590107,0.07555593228653854,61.777361154556274
0.30072255262030656,0.0642792420265706,61.87746977806091
0.30093511904195014,0.06518774812943055,61.977354288101196
0.301561444352069,0.0730070225698383,62.07722091674805
0.30135836354485335,0.06009493446663806,62.177308082580566
0.3014676858183657,0.07303257061070516,62.277360677719116
0.30005538778954965,0.05092918365017363,62.37736701965332
0.3013795823686005,0.0798411402655275,62.477423429489136
0.3002105475526099,0.05703524923638293,62.577468395233154
0.3004384126512657,0.07784345520562246,62.6781804561615
0.3011694583615807,0.0,62.77736687660217
0.30031842408833964,0.07727029970601983,62.87744402885437
0.30041505099496524,0.0,62.9774272441864
0.3011451374527505,0.08273024817830636,63.0774462223053
0.300661189737349,0.0,63.17776441574097
0.30081086845293015,0.017485614415062103,63.27768301963806
0.3001088851219832,0.007503398475972444,63.377901554107666
0.30089467020017935,0.0,63.47783327102661
0.30153794470933015,-0.005842404949821932,63.57801532745361
0.30015703621965073,-0.015984880316414343,63.67811107635498
0.30090158227754227,-0.008362547072925074,63.77793025970459
0.30087551502554866,-0.018521202306606276,63.877819776535034
0.30145154570945376,0.0,63.97789144515991
0.30109078962664104,-0.03563699642882536,64.07781267166138
0.3008571030859791,0.0,64.17793154716492
0.3010927575187925,0.0,64.27777028083801
0.3007546482147596,0.0,64.37755703926086
0.30095891805478403,0.0,64.47753810882568
0.3009230568342446,0.0,64.57782220840454
0.30043440011783384,0.04482618447295145,64.67804193496704
0.3001457541052379,0.03796817087323258,64.77738094329834
0.30091405806458893,0.03317070521022143,64.87746739387512
0.30018537939177437,0.015059562850939592,64.97741055488586
0.30108786431967804,0.04784897393301913,65.07745552062988
0.30078833022017304,0.048531400549568615,65.17745923995972
0.3013390412513426,0.03949187095031926,65.27755379676819
0.30099008594689236,0.026923249956024308,65.37759780883789
0.30120575555207596,0.06585058996355847,65.47746634483337
0.3014861469201169,0.06692616043514325,65.57747268676758
0.30123977394612944,0.07558882316623472,65.67805600166321
0.3009521975305569,0.05928537114278266,65.77771186828613
0.3001632595580662,0.09398177881774147,65.87772011756897
0.30142401856213996,0.08905310709225504,65.97751235961914
0.2991416692246526,0.09727168698844155,66.07756304740906
0.29165771678832475,0.08917655480143268,66.17748498916626
0.2879110752172338,0.08514957835799768,66.27758073806763
0.2848106998617814,0.1206158228610691,66.37760758399963
0.2784642459888619,0.12924326736676062,66.47751450538635
0.27206829056279025,0.10860161816603255,66.57741713523865
0.2686506845142551,0.10111727153784347,66.67744088172913
0.2629190135955908,0.10474437808519912,66.77750325202942
0.4171620209658145,0.11377947365767073,66.87743878364563
0.4104058455051092,0.11674923692878919,66.97760820388794
0.39953293287756164,0.11352736655818786,67.07739210128784
0.39124518001411324,0.13630804927578488,67.17741656303406
0.3829065357818051,0.12290517772106747,67.27724242210388
0.37156694889417563,0.14206239041431168,67.37738227844238
0.3615520412038057,0.13152687128045054,67.47740960121155
0.3540414033852638,0.135966854186508,67.57731413841248
0.3456938980081839,0.1417946281597802,67.67766427993774
0.33278464754286036,0.14819424758224115,67.77724432945251
0.3245302011532151,0.15949052731065375,67.87726473808289
0.31759282428678276,0.15910277860729316,67.97721362113953
0.3034088790810156,0.16174530769257167,68.07790446281433
0.2942269198751929,0.15950665409235576,68.1776008605957
0.28728367716960784,0.1692580503460608,68.2775731086731
0.2750017701579665,0.1795046364006243,68.3773136138916
0.2655186739540118,0.1886759881910525,68.47724556922913
0.2591153123292571,0.18215620117752174,68.57726216316223
0.2482154294193312,0.18825488600291704,68.67723441123962
0.23990970853517357,0.17825770903574792,68.77719736099243
0.2322385481391128,0.18693085540282098,68.87707829475403
0.2258237979811516,0.17867668498503533,68.97725987434387
0.21364163259737404,0.18951565733081413,69.0771131515503
0.2066074669496749,0.1963265608800085,69.17712235450745
0.19792581112109298,0.18848586788302973,69.27726888656616
0.19028183534297646,0.18886642581538152,69.37745308876038
0.18320382815317934,0.17034977815653152,69.47734904289246
0.17708747271559164,0.1688856198599464,69.5772955417633
0.16287635890683616,0.1451433109609704,69.67760300636292
0.1553889126285772,0.14461789601727534,69.77700328826904
0.14927142368502247,0.13277810388489772,69.87717461585999
0.14014263272689514,0.13197917812748955,69.9772801399231
0.13367086858012409,0.1297247218458276,70.07728934288025
0.12793494300997843,0.11628714062665636,70.17737603187561
0.1103478083527807,0.17092060258514002,70.27683520317078
0.10778643127411246,0.17087774402216863,70.37680768966675
0.1,0.17011228627280184,70.47723913192749
0.1,0.17206122122312847,70.5768826007843
0.1,0.10412853250378054,70.67781519889832
0.1,0.06667489032996327,70.77696323394775
0.1,0.018469523912981928,70.8768208026886
0.1,0.0,70.97689461708069
0.1,0.17535503734099234,71.07688164710999
0.1,0.16242348928200565,71.17703533172607
0.1,0.092027483958947,71.27706170082092
0.1,0.06403737554424685,71.3772029876709
0.1,0.02327852170718342,71.47690320014954
0.1,0.07539506115411454,71.57683992385864
0.1,0.12643922081119133,71.67714309692383
0.0,0.0,71.7770004272461
0.0,0.0,71.87719011306763
0.0,0.0,71.97712683677673
0.0,0.0,72.07688236236572
0.0,0.0,72.17682242393494
0.0,0.0,72.27708506584167
0.0,0.0,72.37721920013428
0.0,0.4,72.47719764709473
0.0,0.4,72.57711029052734
0.0,0.4,72.67711353302002
0.0,0.4,72.77719593048096
0.0,0.4,72.87692928314209
0.0,0.4556800407524553,72.97692728042603
0.0,0.49642667291955483,73.0771472454071
0.0,0.5681975438846323,73.17718744277954
0.0,0.6108140896863787,73.27739024162292
0.0,0.6775169725036769,73.37739443778992
0.0,0.6546278518848094,73.47734332084656
0.0,0.5740874593592045,73.57772850990295
0.0,0.5199766984795859,73.67756247520447
0.0,0.47401276269764914,73.77761626243591
0.0,0.4,73.87757349014282
0.0,0.4,73.97749638557434
0.0,0.4,74.0774576663971
0.0,0.4,74.17764353752136
0.0,0.4,74.27729845046997
0.0,0.4,74.37742257118225
0.0,0.0,74.47562003135681
0.0,0.0,74.57561731338501
0.0,0.0,74.67127227783203
0.40994276069104674,-0.03125327527523042,74.77365899085999
0.4091432593762875,-0.09940503239631653,74.87371253967285
0.2676921710371971,-0.03453982786128397,74.97367191314697
0.30070689046164834,-0.12948054522275923,75.073810338974
0.30034539157518914,-0.1396609514951706,75.17371225357056
0.301278992591531,-0.1875527573749423,75.27353382110596
0.3014729847786142,-0.20675720997938982,75.37367153167725
0.3007881724486253,-0.19141751410145508,75.47380375862122
0.30111515819112655,-0.19419129447717412,75.57343530654907
0.3008458218961926,-0.18849128553349717,75.67377090454102
0.30033158430796114,-0.1895701240159963,75.77368092536926
0.3010875764908274,-0.18739434394397228,75.87386322021484
0.30082582804256786,-0.16157004672445743,75.97370648384094
0.3006163256353739,-0.19621051357764946,76.07383346557617
0.30109631029882133,-0.18597034247297986,76.1737494468689
0.30038961102789286,-0.23870555848667496,76.27364945411682
0.3004014280237689,-0.23856854140758516,76.37382173538208
0.3000077469081027,-0.22272131756732338,76.47378039360046
0.3008567891662376,-0.2285709956366765,76.5737955570221
0.3011882334151327,-0.21976527454037414,76.67434120178223
0.3009299919582854,-0.1927410622176371,76.77346563339233
0.3002297621690816,-0.20993337662596448,76.87350010871887
0.3003005957481819,-0.1992520985242567,76.97349047660828
0.3006574870222801,-0.20061130421726323,77.07342672348022
0.3026045263371081,-0.17966797265567275,77.17342686653137
0.2990918652807767,-0.2122023838915323,77.2734580039978
0.29597719957632496,-0.23740056976675988,77.3735363483429
0.29051371252213154,-0.23695396051595083,77.47340655326843
0.2866413427436997,-0.24119639279026733,77.57356786727905
0.2832093973796991,-0.21045208322374442,77.67350506782532
0.27794571823856185,-0.2520263807553994,77.773357629776
0.27401604939574475,-0.24482383743712777,77.87344932556152
0.271107736520558,-0.23785519482273804,77.97343492507935
0.26601968629756445,-0.22364235551733722,78.0734510421753
0.26229489019486396,-0.24294026823420273,78.173424243927
0.25922638829908107,-0.22067974852888206,78.27336573600769
0.41300200861089414,-0.16006832067903715,78.37328767776489
0.40208130004936177,-0.18167054433571664,78.47332811355591
0.3953707503414703,-0.17888696091739753,78.57334852218628
0.3902204677629436,-0.15453874760944591,78.67330956459045
0.37876685945850963,-0.15973434671759607,78.77326226234436
0.3708193862609128,-0.1693353343755007,78.87333369255066
0.36449327894543426,-0.17664038091897966,78.97329926490784
0.3525098515965146,-0.1741245205220031,79.0733995437622
0.3427589464029539,-0.18222592467148055,79.17324733734131
0.33517106070767694,-0.18063571550270638,79.27323603630066
0.32502112055294335,-0.20860433652997018,79.37317681312561
0.3154859836531544,-0.21754613965749742,79.47326874732971
0.30771414404550984,-0.20809355452656747,79.57322072982788
0.30083435877489884,-0.22436134591698648,79.6733124256134
0.28790974493489135,-0.24057544469833375,79.77325105667114
0.2796308526240451,-0.24811242685506216,79.87359523773193
0.27318414036493066,-0.2580354705452919,79.97371912002563
0.2614877281369315,-0.25613161341140145,80.07348084449768
0.253134120963336,-0.25987777278611535,80.17312622070312
0.24711457300316877,-0.2709185274023759,80.27335619926453
0.23690353628401664,-0.2680109234232652,80.37330865859985
0.2294378529216913,-0.2677737565417039,80.47337794303894
0.22290728372401947,-0.2734202879824137,80.57333111763
0.21436355658876324,-0.27568143488545166,80.6736569404602
0.20790478284692657,-0.28992128717271903,80.77332210540771
0.2025146830498125,-0.28736828330316044,80.8733115196228
0.1960872157099529,-0.2692686595414814,80.97331833839417
0.18987945100708883,-0.2848678386525104,81.07344627380371
0.18489083867281605,-0.2708761521075901,81.1733911037445
0.1796516466824797,-0.2692695358866139,81.27333855628967
0.17166620989535383,-0.26151639646605435,81.37303256988525
0.16671943826874489,-0.25178468650893154,81.47349190711975
0.16164833762931438,-0.24084341667200385,81.57322096824646
0.15485633773414384,-0.22978688635324165,81.67359161376953
0.1497567982512303,-0.2328814729263907,81.77331638336182
0.12289702937852781,-0.22619657077287364,81.87340354919434
0.1193221060845959,-0.23658698938394843,81.97324275970459
0.11692137971925837,-0.2572443350365287,82.07340550422668
0.11513620746229872,-0.25121177591775584,82.17341542243958
0.1,-0.18248844648662355,82.27316093444824
0.1,-0.2080207545506326,82.37300443649292
0.1,-0.23936981103922184,82.4729392528534
0.1,-0.2136730984637611,82.57297086715698
0.1,-0.17583190688961423,82.67331671714783
0.1,-0.16081593224876795,82.77287817001343
0.1,-0.13110830391708161,82.87289357185364
0.1,-0.08808590691340588,82.97289180755615
0.1,0.0,83.07295727729797
0.1,0.0,83.17283034324646
0.1,0.0,83.27272868156433
0.1,0.0,83.37257766723633
0.1,0.0,83.47272300720215
0.1,-0.04113978288675608,83.5727550983429
0.1,0.0,83.67254066467285
0.1,-0.19421744974035968,83.77285194396973
0.1,-0.18568708071191062,83.87277865409851
0.0,0.0,83.97150468826294
0.0,0.0,84.07169485092163
0.0,0.0,84.15796279907227
0.4712521150708199,0.07682456793753727,84.26053285598755
0.46774197518825533,0.09944318580000026,84.36023664474487
0.48419764786958697,0.1021618384279703,84.46020555496216
0.5015547088803046,0.0969849494727034,84.56020069122314
0.5020942368578637,0.08492645771291696,84.66000485420227
0.5009612850039585,0.08661720862514091,84.76332306861877
0.5030772858668365,0.06572000643140391,84.86037564277649
0.5016471549652586,0.04651709883228728,84.96033453941345
0.5016161531088674,0.03013669145048448,85.06016135215759
0.502779880201535,0.023204483572197575,85.16021800041199
0.5020291146160618,0.0,85.26050686836243
0.4966312309477031,0.1065226752997229,85.36032700538635
0.4868535071802909,0.10915825668918457,85.46049618721008
0.4796193169607924,0.11300827343212927,85.56068301200867
0.4670200742137743,0.10635400157617893,85.66003489494324
0.4571978704807143,0.12006077698775026,85.76036310195923
0.4494231100099931,0.128198969805319,85.86044359207153
0.43724571570445075,0.11318132367328199,85.96032118797302
0.426775282339093,0.12998044603063086,86.06016778945923
0.41889834943795223,0.13379097329942802,86.16023111343384
0.40777508785233324,0.14029809150256606,86.26349472999573
0.39803828920604367,0.1243404566065261,86.36009097099304
0.3890689240191333,0.14606743651001078,86.4604423046112
0.3786484680308545,0.13271807569422217,86.56006956100464
0.37171005636732524,0.13380531450292388,86.66016030311584
0.36312914072233227,0.11689480258960668,86.75994729995728
0.35310978115193214,0.0605103574497135,86.86012101173401
0.34317784371862725,0.0581311276917787,86.9602599143982
0.3333097247148969,0.0710329249133601,87.05994200706482
0.3231642871569555,0.13217515933670493,87.16000747680664
0.31351049969811956,0.0828178260867533,87.26723194122314
0.30368385776839446,0.018563785139275226,87.36001586914062
0.29487839051648385,0.019925212997354967,87.4601411819458
0.2835770954945494,0.02560191649551453,87.56016039848328
0.2732199040702163,0.008322079185592487,87.66017770767212
0.18155919873167392,0.1768428932287191,87.76032376289368
0.17728018099820897,0.2057231727399324,87.86010646820068
0.17244593397741745,0.2206748814959275,87.95989227294922
0.16810351685042646,0.2387110504664873,88.05988478660583
0.1632038122849201,0.24756346525330294,88.15983390808105
0.15937754997482234,0.265521827810689,88.26002597808838
0.1561697811250839,0.21603865137225706,88.35994863510132
0.1,0.28490425144371234,88.46033596992493
0.1,0.31316118005074955,88.55975270271301
0.1,0.2883428107751044,88.66019082069397
0.1,0.24982012667154016,88.76062989234924
0.1,0.1577517980023434,88.86026525497437
0.1,0.1036944624624754,88.95996022224426
0.1,0.14435813332858835,89.05989408493042
0.0,-0.39999999999999997,89.15981316566467
0.0,-0.39999999999999997,89.25992774963379
0.0,-0.39999999999999997,89.35980415344238
0.0,-0.39999999999999997,89.45977640151978
0.0,-0.39999999999999997,89.5598304271698
0.0,-0.39999999999999997,89.65963912010193
0.0,-0.39999999999999997,89.75984025001526
0.0,-0.39999999999999997,89.85988712310791
0.0,-0.4008834303993928,89.96029019355774
0.0,-0.4604048252105713,90.06004810333252
0.0,-0.47968157435718334,90.16024589538574
0.0,-0.4814126798981115,90.2602071762085
0.0,-0.4699625893643028,90.3600914478302
0.0,-0.45112661060534015,90.46044826507568
0.0,-0.5,90.56007242202759
0.0,-0.48872920964893535,90.66036033630371
0.0,-0.4669867484193099,90.76022839546204
0.0,-0.45898543909976364,90.86013531684875
0.0,-0.44049561274679083,90.96016049385071
0.0,-0.42356253799639243,91.06004166603088
0.0,-0.4086052693818747,91.16015386581421
0.0,-0.44670547058707794,91.26025533676147
0.0,-0.44454655270827437,91.36002826690674
0.0,-0.4313863845247971,91.46003293991089
0.0,-0.4085050667587081,91.5600175857544
0.0,-0.39999999999999997,91.6600136756897
0.0,-0.43627799655261795,91.76020932197571
0.0,-0.4238852475818836,91.86002087593079
0.0,-0.4098745446456105,91.96001958847046
0.0,-0.39999999999999997,92.05992841720581
0.0,-0.4335211170347113,92.15998315811157
0.0,-0.41988257295206977,92.2601683139801
0.0,-0.4108507150097896,92.360102891922
0.0,-0.4281682742269416,92.46020698547363
0.0,-0.4050663722188848,92.56000399589539
0.0,-0.44780015694467634,92.66000604629517
0.0,-0.43449758228502794,92.76025176048279
0.0,-0.4098674736524883,92.86010527610779
0.0,-0.40205143125433684,92.96024322509766
0.0,-0.4307805293484739,93.06016254425049
0.0,-0.4179192376764198,93.16015434265137
0.0,-0.39999999999999997,93.2604284286499
0.0,-0.44049275078271566,93.36026406288147
0.0,-0.4190368279030448,93.46027064323425
0.0,-0.40412046532881885,93.56040072441101
0.0,-0.5,93.66035676002502
0.0,-0.5,93.76322507858276
0.0,-0.4803600737923071,93.86022233963013
0.0,-0.469761093666679,93.96019792556763
0.0,-0.4616726298081248,94.06026911735535
0.0,-0.5,94.16027665138245
0.0,-0.4791813888047871,94.26345086097717
0.0,-0.4697615171733655,94.36029529571533
0.0,-0.4501673610586869,94.4604709148407
0.0,-0.5,94.56037402153015
0.0,-0.5,94.66028380393982
0.0,-0.5,94.76048016548157
0.0,-0.5,94.8604507446289
0.0,-0.5,94.96056365966797
0.0,-0.5,95.06045055389404
0.0,-0.5,95.16034817695618
0.0,-0.5,95.26285815238953
0.0,-0.4872265916121633,95.36035370826721
0.0,-0.467782369412874,95.46042513847351
0.0,-0.5,95.560307264328
0.0,-0.5,95.66032838821411
0.0,-0.5,95.7603108882904
0.0,-0.5,95.86028289794922
0.0,-0.5,95.96038103103638
0.0,-0.5,96.06019973754883
0.0,-0.5,96.16035437583923
0.0,-0.5,96.26045823097229
0.0,-0.5,96.3602967262268
0.0,-0.5,96.4604012966156
0.0,-0.5,96.56017231941223
0.0,-0.5,96.66028881072998
0.0,-0.5,96.76344347000122
0.0,-0.5,96.8602728843689
0.0,-0.5,96.96031332015991
0.0,-0.5,97.0600996017456
0.0,-0.5,97.16029500961304
0.0,-0.5,97.26746535301208
0.0,-0.5,97.36038589477539
0.0,-0.5,97.46037316322327
0.0,-0.5,97.56037998199463
0.0,-0.5,97.66036224365234
0.0,-0.5,97.76027703285217
0.0,-0.5,97.86036777496338
0.0,-0.5,97.96035027503967
0.0,-0.5,98.06041717529297
0.0,-0.5,98.16044759750366
0.0,-0.5,98.26035642623901
0.0,-0.5,98.36039304733276
0.0,-0.5,98.46034502983093
0.0,-0.5,98.56052947044373
0.0,-0.5,98.66029858589172
0.0,-0.5,98.76021003723145
0.0,-0.5,98.86044144630432
0.0,-0.5,98.9603521823883
0.0,-0.5,99.06018662452698
0.0,-0.5,99.16028118133545
0.1,-0.5,99.26047086715698
0.1,-0.5,99.36036133766174
0.1,-0.4344284107810572,99.46036338806152
0.0,-0.5,99.56043744087219
0.0,-0.5,99.66024804115295
0.0,-0.5,99.76024293899536
0.0,-0.5,99.86011838912964
0.0,-0.5,99.96023535728455
0.1,-0.5,100.06033420562744
0.1,-0.5,100.16035652160645
0.18208459510270217,-0.5,100.26321911811829
0.18146184603764723,-0.5,100.36033844947815
0.18081701492393767,-0.5,100.46017408370972
0.1941404478612028,-0.5,100.5601909160614
0.1940432772136689,-0.5,100.66054248809814
0.1934672464104474,-0.5,100.76026105880737
0.1928056803010139,-0.5,100.86021828651428
0.19119374670552888,-0.5,100.96063804626465
0.1890531751803367,-0.5,101.06049013137817
0.18609365388494778,-0.5,101.16038799285889
0.18332881664267442,-0.5,101.26063418388367
0.18060019204222996,-0.5,101.36040711402893
0.17746110702380333,-0.5,101.46047806739807
0.1743638246775772,-0.4837885053534256,101.56040740013123
0.1716205966567845,-0.48352844871972733,101.66043829917908
0.16815530304962678,-0.4647181366619311,101.76066160202026
0.16492233489798436,-0.4616787860268041,101.86051487922668
0.16176333458903897,-0.4626704881065771,101.96053409576416
0.1584101830916156,-0.5,102.0603141784668
0.1549425191071855,-0.5,102.16026139259338
0.1515425303500462,-0.5,102.26057076454163
0.14884818413629936,-0.5,102.3600742816925
0.1446965558977435,-0.5,102.45994162559509
0.14110216506342435,-0.48381665913682237,102.55989384651184
0.13821845678944697,-0.38714399180914216,102.65999269485474
0.13409607877268467,-0.364538601825112,102.76008152961731
0.13041263955228433,-0.364984783373381,102.86016821861267
0.12725128415552978,-0.3444405816103285,102.96003365516663
0.129815846910437,-0.36089861518458294,103.0600323677063
0.13411117818376078,-0.3535412186070493,103.16007924079895
0.1306326301708284,-0.340301533749229,103.26018381118774
0.12692221586453292,-0.34209869535345794,103.36006593704224
0.12315193494070695,-0.32691075048948565,103.46014881134033
0.11928350671046509,-0.3192992116275585,103.56002497673035
0.11556390810686146,-0.2996292082886949,103.65995502471924
0.1057037920325278,-0.2858269569120911,103.76349663734436
0.1034316665894408,-0.28005394904237063,103.86004614830017
0.1,-0.25744485729619093,103.96001315116882
0.1,-0.25063374042511,104.05986213684082
0.1,-0.2518023741872688,104.15987777709961
0.1,-0.2437603580324272,104.25983119010925
0.1,-0.2560273543784492,104.3598198890686
0.1,-0.23936654203816454,104.45982789993286
0.1,-0.2330013499448173,104.5597653388977
0.1,-0.23043680049871137,104.65969705581665
0.1,-0.2287150607297294,104.75998544692993
0.1,-0.21646684267018965,104.85972738265991
0.1,-0.18063692042702112,104.95977854728699
0.1,-0.13533383827460424,105.05984377861023
0.0,-0.01649749060736974,105.15977692604065
0.0,-0.0,105.25967669487
0.0,-0.0,105.35951781272888
0.0,-0.0,105.45984530448914
0.0,-0.0,105.55987548828125
0.0,-0.0,105.65988230705261
0.0,-0.0,105.75978112220764
0.0,-0.4,105.85962629318237
0.0,-0.4,105.95994353294373
0.0,-0.4,106.05988430976868
0.0,-0.4,106.1600992679596
0.0,-0.4,106.26031494140625
0.0,-0.4,106.36023211479187
0.0,-0.4,106.4605507850647
0.0,-0.4,106.56040000915527
0.0,-0.4,106.66037511825562
0.0,-0.4,106.76047539710999
0.0,0.0,106.8581211566925
0.0,0.0,106.95827651023865
0.0,0.0,107.07124662399292
0.25118835747707635,0.0,107.17266798019409
0.2516548502026126,0.03350636708109007,107.27278137207031
0.1,0.0,107.3727297782898
0.1,0.0,107.47267293930054
0.1,0.0,107.57252049446106
0.1,0.0,107.67252516746521
0.1,0.0,107.77261638641357
0.1,0.0,107.87255477905273
0.1,0.0,107.9725935459137
0.1,0.0,108.07268166542053
0.1,0.0,108.17261147499084
0.1,0.020540694284595956,108.27262759208679
0.1,0.02228397740737389,108.37262415885925
0.1,0.0320133605423555,108.47305560112
0.1,0.030016809047542902,108.57247018814087
0.1,0.03175612316454614,108.67262816429138
0.1,0.038542728449561095,108.77213954925537
0.1,0.03269544772093037,108.87211990356445
0.1,0.04823594963864274,108.97216296195984
0.1,0.043991080063738315,109.0721070766449
0.1,0.045740595597185574,109.17213010787964
0.1,0.04468135400430151,109.272145986557
0.29963914304971695,0.18592157658973807,109.37213492393494
0.3012960248685792,0.20414083801994198,109.47219395637512
0.30077322241342275,0.2289037385661351,109.57207298278809
0.30015807075884926,0.26025203035066,109.67217421531677
0.3013490731012637,0.2648532332558381,109.77224063873291
0.3003692230130982,0.23066211283991217,109.87224578857422
0.30032462879516775,0.2514233605642068,109.9724006652832
0.30103854957479814,0.23878332764694565,110.07223582267761
0.30151028855709805,0.20616229974517697,110.17230796813965
0.3014301975679934,0.25461713389346474,110.2721962928772
0.3000027786417331,0.24251004473159185,110.3722972869873
0.30060186725805527,0.25928243414351815,110.47250843048096
0.3001714368842455,0.24264087692687386,110.57233333587646
0.30028563825389165,0.25923500374743813,110.67232751846313
0.3010545125259072,0.23925589652437912,110.77206540107727
0.3004260168037054,0.23049472899813403,110.87220478057861
0.30072540993574415,0.22891781361479505,110.97230076789856
0.3002499375587584,0.22903653861660705,111.07213354110718
0.3009970816877736,0.21276567476360422,111.17213106155396
0.3011807172848283,0.21222070949642283,111.27234816551208
0.30098896257777785,0.2133524182595705,111.3721764087677
0.3001219195114946,0.2476943300742852,111.47214245796204
0.30005045536131325,0.18851912739245513,111.57230138778687
0.3001009784276736,0.24622219220588085,111.67239546775818
0.30085919106162484,0.18934842171637636,111.77258324623108
0.3002197299240399,0.23476251379439705,111.87228465080261
0.30122419886864005,0.217716376052091,111.97257328033447
0.30094530178876455,0.22050973655361877,112.0722029209137
0.3013701924268736,0.1558967695032295,112.17222833633423
0.30150221609592054,0.20279696928827384,112.27253341674805
0.30087094618602916,0.14497840557443464,112.37236785888672
0.30028849885444464,0.18706585439412213,112.4725592136383
0.3014792693737658,0.12963263561066823,112.5724139213562
0.30104340202844027,0.17724053906766987,112.67241168022156
0.3000843826408124,0.11793000866707999,112.77251029014587
0.3012451213399998,0.10899412592774939,112.87232875823975
0.3009694357029983,0.1561543053702304,112.97242474555969
0.3014149682870456,0.10859774296220977,113.07245516777039
0.2996236842100206,0.1015241133147164,113.17265176773071
0.29391344257497487,0.041861665915501736,113.27277708053589
0.2898503043423183,0.09527825897461485,113.37263751029968
0.2860190895318866,0.08878549524631936,113.47229290008545
0.28209776915957896,0.08701733088022783,113.57227921485901
0.2790275931883085,0.03930803156997027,113.6723096370697
0.2757055530623498,0.07650458491162247,113.77303338050842
0.2723855178999136,0.07647785967902129,113.8726327419281
0.266086726053159,0.07968850394612864,113.97250819206238
0.26184448929074744,0.010678749021730903,114.07241630554199
0.2585885011828659,0.05783177680875123,114.17272877693176
0.25276573591281615,0.05732711455539652,114.27297806739807
0.3967614976418985,-0.04772301543700069,114.37283825874329
0.3903069371897905,-0.04116069678413243,114.47274827957153
0.3839298119822645,-0.06401172147965745,114.57227325439453
0.36949840012267243,-0.06311107946461751,114.67215609550476
0.3614451771294789,-0.06322330662882641,114.77254176139832
0.3498660745201871,-0.06376243436611011,114.87269616127014
0.3400035770036057,-0.06977365176242434,114.97266221046448
0.33104838202368475,-0.06539011058446607,115.0724425315857
0.3237414987553818,-0.038626281152430345,115.172532081604
0.3146769384591855,-0.06394323111560783,115.27269172668457
0.3049250000984435,-0.024230493276723115,115.37245559692383
0.2976195116905011,-0.029811538217932372,115.47236323356628
0.28485515856520915,-0.06725023091819723,115.57251238822937
0.2757972232939839,-0.06937839237875057,115.67240381240845
0.2674490504599277,-0.05364943719223924,115.77274942398071
0.17795379829706875,0.10862935117789001,115.87238478660583
0.17338809279210124,0.08719182822265123,115.97201776504517
0.17019955859905583,0.10634970538514224,116.07215094566345
0.16530167733075643,0.09553496872908188,116.17195200920105
0.1,0.15139390218414756,116.27232480049133
0.1,0.1508437289611289,116.37227129936218
0.1,0.15153735566296073,116.47247314453125
0.1,0.15016713891374436,116.57217240333557
0.1,0.12698235323554588,116.67224144935608
0.1,0.13894645085460258,116.77214431762695
0.1,0.1280203131468672,116.87232112884521
0.0,-0.39999999999999997,116.97230958938599
0.0,-0.39999999999999997,117.07205891609192
0.0,-0.39999999999999997,117.17225885391235
0.0,-0.39999999999999997,117.27239441871643
0.0,-0.39999999999999997,117.37228274345398
0.0,-0.39999999999999997,117.47218108177185
0.0,-0.39999999999999997,117.57231259346008
0.0,-0.41030860856959694,117.67247796058655
0.0,-0.39999999999999997,117.771657705307
0.0,-0.39999999999999997,117.8715181350708
0.0,-0.39999999999999997,117.97141671180725
0.0,-0.39999999999999997,118.0714042186737
0.0,-0.39999999999999997,118.17135691642761
0.0,-0.39999999999999997,118.27121210098267
0.0,0.0,118.3709614276886
0.0,0.0,120.21517443656921
0.0,0.0,122.33491468429565
0.0,0.5,122.37074995040894
0.0,0.5,122.42071318626404
0.0,0.5,122.47075486183167
0.0,0.5,122.52074646949768
0.0,0.5,122.57065773010254
0.0,0.5,122.62067532539368
0.0,0.5,122.67058300971985
0.0,0.5,122.72071814537048
0.0,0.5,122.7708158493042
0.0,0.5,122.82083916664124
0.0,0.5,122.87091326713562
0.0,0.5,122.92094206809998
0.0,0.5,122.97109532356262
0.0,0.5,123.02098846435547
0.0,0.5,123.070871591568
0.0,0.5,123.12096118927002
0.0,0.5,123.171058177948
0.0,0.5,123.22097206115723
0.0,0.5,123.27086687088013
0.0,0.5,123.32095050811768
0.0,0.5,123.37101125717163
0.0,0.5,123.42097878456116
0.0,0.5,123.4708137512207
0.0,0.5,123.52100849151611
0.0,0.5,123.57096838951111
0.0,0.5,123.62096953392029
0.0,0.5,123.67103266716003
0.0,0.5,123.72070360183716
0.0,0.5,123.7708375453949
0.0,0.5,123.82097625732422
0.0,0.5,123.8715889453888
0.0,0.5,123.92103004455566
0.0,0.5,123.97090005874634
0.0,0.5,124.02093529701233
0.0,0.5,124.07080483436584
0.0,0.5,124.12092089653015
0.0,0.5,124.17090964317322
0.0,0.5,124.22089743614197
0.0,0.5,124.27082753181458
0.0,0.5,124.32086372375488
0.0,0.5,124.37094521522522
0.0,0.5,124.42088580131531
0.0,0.5,124.47095918655396
0.0,0.5,124.52098059654236
0.0,0.5,124.57103681564331
0.0,0.5,124.62087154388428
0.0,0.5,124.67089009284973
0.0,0.5,124.72066688537598
0.0,0.5,124.77084827423096
0.0,0.5,124.82092928886414
0.0,0.5,124.87103271484375
0.0,0.5,124.9209566116333
0.0,0.5,124.97087478637695
0.0,0.5,125.0209629535675
0.0,0.5,125.07085466384888
0.0,0.5,125.12097525596619
0.0,0.5,125.17070364952087
0.0,0.5,125.22090220451355
0.0,0.5,125.27091336250305
0.0,0.5,125.32097268104553
0.0,0.5,125.37087154388428
0.0,0.5,125.42087888717651
0.0,0.5,125.47087717056274
0.0,0.5,125.52092266082764
0.0,0.5,125.57091307640076
0.0,0.5,125.62094163894653
0.0,0.5,125.67091393470764
0.0,0.5,125.7206609249115
0.0,0.5,125.77103424072266
0.0,0.5,125.82074761390686
0.0,0.5,125.87077188491821
0.0,0.5,125.92088484764099
0.0,0.5,125.97080588340759
0.0,0.5,126.02074217796326
0.0,0.5,126.07077741622925
0.0,0.5,126.12081980705261
0.0,0.5,126.17080283164978
0.0,0.5,126.22084021568298
0.0,0.5,126.2707359790802
0.0,0.5,126.32082009315491
0.0,0.5,126.37083578109741
0.0,0.5,126.4209053516388
0.0,0.5,126.47086668014526
0.0,0.5,126.52080750465393
0.0,0.5,126.57074213027954
0.0,0.5,126.62079191207886
0.0,0.5,126.67073106765747
0.0,0.5,126.72075319290161
0.0,0.5,126.77105641365051
0.0,0.5,126.820729970932
0.0,0.5,126.87074089050293
0.0,0.5,126.92085647583008
0.0,0.5,126.97086668014526
0.0,0.5,127.02068209648132
0.0,0.5,127.07079672813416
0.0,0.5,127.12082767486572
0.0,0.5,127.17081904411316
0.0,0.5,127.22085475921631
0.0,0.5,127.27082705497742
0.0,0.5,127.32079076766968
0.0,0.5,127.37075996398926
0.0,0.5,127.42087483406067
0.0,0.5,127.4707407951355
0.0,0.5,127.52086520195007
0.0,0.5,127.5707278251648
0.0,0.5,127.62078166007996
0.0,0.5,127.6708242893219
0.0,0.5,127.72081446647644
0.0,0.5,127.77068281173706
0.0,0.5,127.82071232795715
0.0,0.5,127.87079405784607
0.0,0.5,127.92075753211975
0.0,0.5,127.97065758705139
0.0,0.5,128.0208601951599
0.0,0.5,128.0707802772522
0.0,0.5,128.12070989608765
0.0,0.5,128.17074370384216
0.0,0.5,128.22080850601196
0.0,0.5,128.27078342437744
0.0,0.5,128.32075691223145
0.0,0.5,128.3707971572876
0.0,0.5,128.42072653770447
0.0,0.5,128.47074937820435
0.0,0.5,128.52074122428894
0.0,0.5,128.5707142353058
0.0,0.5,128.6208143234253
0.0,0.5,128.6707546710968
0.0,0.5,128.72070384025574
0.0,0.5,128.7705056667328
0.0,0.5,128.82074737548828
0.0,0.5,128.87082481384277
0.0,0.5,128.92074060440063
0.0,0.5,128.9707055091858
0.0,0.5,129.02071475982666
0.0,0.5,129.07075905799866
0.0,0.5,129.1209557056427
0.0,0.5,129.17078018188477
0.0,0.5,129.22072291374207
0.0,0.5,129.2706687450409
0.0,0.5,129.3207652568817
0.0,0.5,129.37083745002747
0.0,0.5,129.42080211639404
0.0,0.5,129.47072911262512
0.0,0.5,129.52063250541687
0.0,0.5,129.57067894935608
0.0,0.5,129.6207776069641
0.0,0.5,129.67077803611755
0.0,0.5,129.72059965133667
0.0,0.5,129.77053880691528
0.0,0.5,129.82087898254395
0.0,0.5,129.87071132659912
0.0,0.5,129.92075204849243
0.0,0.5,129.9707407951355
0.0,0.5,130.02073335647583
0.0,0.5,130.07062602043152
0.0,0.5,130.12068843841553
0.0,0.5,130.17068433761597
0.0,0.5,130.22068548202515
0.0,0.5,130.2706744670868
0.0,0.5,130.32064652442932
0.0,0.5,130.37066173553467
0.0,0.5,130.42071175575256
0.0,0.5,130.47065567970276
0.0,0.5,130.52062463760376
0.0,0.5,130.5706696510315
0.0,0.5,130.62081027030945
0.0,0.5,130.67061161994934
0.0,0.5,130.7206838130951
0.0,0.5,130.77068376541138
0.0,0.5,130.82067036628723
0.0,0.5,130.87074661254883
0.0,0.5,130.9206256866455
0.0,0.5,130.9706826210022
0.0,0.5,131.02067708969116
0.0,0.5,131.0706009864807
0.0,0.5,131.12073612213135
0.0,0.5,131.1706018447876
0.0,0.5,131.22065424919128
0.0,0.5,131.27072954177856
0.0,0.5,131.32068991661072
0.0,0.5,131.37063646316528
0.0,0.5,131.42062163352966
0.0,0.5,131.47058510780334
0.0,0.5,131.52058291435242
0.0,0.5,131.57073974609375
0.0,0.5,131.62073016166687
0.0,0.5,131.6706142425537
0.0,0.5,131.72074151039124
0.0,0.5,131.77064323425293
0.0,0.5,131.82103610038757
0.0,0.5,131.87070393562317
0.0,0.5,131.92070412635803
0.0,0.5,131.97068285942078
0.0,0.5,132.0206515789032
0.0,0.5,132.0705955028534
0.0,0.5,132.1205825805664
0.0,0.5,132.17059326171875
0.0,0.5,132.2206790447235
0.0,0.5,132.27061557769775
0.0,0.5,132.32061290740967
0.0,0.5,132.37065243721008
0.0,0.5,132.42070937156677
0.0,0.5,132.47075200080872
0.0,0.5,132.52060985565186
0.0,0.5,132.5707197189331
0.0,0.5,132.62062191963196
0.0,0.5,132.6706621646881
0.0,0.5,132.72067070007324
0.0,0.5,132.77078771591187
0.0,0.5,132.82056093215942
0.0,0.5,132.87053751945496
0.0,0.5,132.92059779167175
0.0,0.5,132.97060585021973
0.0,0.5,133.0205934047699
0.0,0.5,133.0708944797516
0.0,0.5,133.12060737609863
0.0,0.5,133.17055797576904
0.0,0.5,133.2205650806427
0.0,0.5,133.27059984207153
0.0,0.5,133.32048201560974
0.0,0.5,133.370619058609
0.0,0.5,133.42053246498108
0.0,0.5,133.47075200080872
0.0,0.5,133.52054142951965
0.0,0.5,133.57085418701172
0.0,0.5,133.62052249908447
0.0,0.5,133.67081546783447
0.0,0.5,133.72052907943726
0.0,0.5,133.77058005332947
0.0,0.0,135.81340646743774
0.0,0.0,137.93722867965698
0.0,0.5,138.02142000198364
0.0,0.5,138.0715811252594
0.0,0.5,138.1216151714325
0.0,0.5,138.17152309417725
0.0,0.5,138.2215871810913
0.0,0.5,138.2716498374939
0.0,0.5,138.32154846191406
0.0,0.5,138.37151861190796
0.0,0.5,138.4215955734253
0.0,0.5,138.47166466712952
0.0,0.5,138.52148056030273
0.0,0.5,138.57142782211304
0.0,0.5,138.62149715423584
0.0,0.5,138.67144012451172
0.0,0.5,138.72148251533508
0.0,0.5,138.771742105484
0.0,0.5,138.82145738601685
0.0,0.5,138.87177658081055
0.0,0.5,138.92163133621216
0.0,0.5,138.971670627594
0.0,0.5,139.0216097831726
0.0,0.5,139.0715868473053
0.0,0.5,139.1215524673462
0.0,0.5,139.1715817451477
0.0,0.5,139.22152638435364
0.0,0.5,139.2719385623932
0.0,0.5,139.321594953537
0.0,0.5,139.37188863754272
0.0,0.5,139.42155408859253
0.0,0.5,139.47149658203125
0.0,0.5,139.5216202735901
0.0,0.5,139.57161617279053
0.0,0.5,139.6216266155243
0.0,0.5,139.67149090766907
0.0,0.5,139.72149658203125
0.0,0.5,139.77181959152222
0.0,0.5,139.82188415527344
0.0,0.5,139.87152647972107
0.0,0.5,139.92148733139038
0.0,0.5,139.97177147865295
0.0,0.5,140.0215127468109
0.0,0.5,140.0714123249054
0.0,0.5,140.1214919090271
0.0,0.5,140.17153120040894
0.0,0.5,140.22148609161377
0.0,0.5,140.2714569568634
0.0,0.5,140.32143878936768
0.0,0.5,140.3715054988861
0.0,0.5,140.42150378227234
0.0,0.5,140.47151947021484
0.0,0.5,140.52157020568848
0.0,0.5,140.57148385047913
0.0,0.5,140.62147879600525
0.0,0.5,140.67139720916748
0.0,0.5,140.72136926651
0.0,0.5,140.77182722091675
0.0,0.5,140.82141542434692
0.0,0.5,140.87154030799866
0.0,0.5,140.92148685455322
0.0,0.5,140.97154569625854
0.0,0.5,141.0215425491333
0.0,0.5,141.07182335853577
0.0,0.5,141.12150049209595
0.0,0.5,141.17165327072144
0.0,0.5,141.2214481830597
0.0,0.5,141.27153038978577
0.0,0.5,141.3214828968048
0.0,0.5,141.3718662261963
0.0,0.5,141.42144560813904
0.0,0.5,141.47147345542908
0.0,0.5,141.52139711380005
0.0,0.5,141.57141613960266
0.0,0.5,141.62137579917908
0.0,0.5,141.671462059021
0.0,0.5,141.72144150733948
0.0,0.5,141.7712972164154
0.0,0.5,141.821382522583
0.0,0.5,141.8714747428894
0.0,0.5,141.9214096069336
0.0,0.5,141.97157406806946
0.0,0.5,142.02142429351807
0.0,0.5,142.0713939666748
0.0,0.5,142.121399641037
0.0,0.5,142.17171120643616
0.0,0.5,142.22137999534607
0.0,0.5,142.27142333984375
0.0,0.5,142.32146692276
0.0,0.5,142.37145376205444
0.0,0.5,142.4213809967041
0.0,0.5,142.4713532924652
0.0,0.5,142.5216052532196
0.0,0.5,142.57143831253052
0.0,0.5,142.62141489982605
0.0,0.5,142.67137742042542
0.0,0.5,142.72138237953186
0.0,0.5,142.77128267288208
0.0,0.5,142.82132935523987
0.0,0.5,142.87150239944458
0.0,0.5,142.9213445186615
0.0,0.5,142.97145915031433
0.0,0.5,143.02141308784485
0.0,0.5,143.07147574424744
0.0,0.5,143.12135577201843
0.0,0.5,143.17135167121887
0.0,0.5,143.22132110595703
0.0,0.5,143.27137804031372
0.0,0.5,143.32141089439392
0.0,0.5,143.37141370773315
0.0,0.5,143.4213559627533
0.0,0.5,143.47141766548157
0.0,0.5,143.52137565612793
0.0,0.5,143.57168006896973
0.0,0.5,143.62129640579224
0.0,0.5,143.6713843345642
0.0,0.5,143.7213490009308
0.0,0.5,143.7712960243225
0.0,0.5,143.82135558128357
0.0,0.5,143.871342420578
0.0,0.5,143.92129802703857
0.0,0.5,143.97130417823792
0.0,0.5,144.02129769325256
0.0,0.5,144.07151126861572
0.0,0.5,144.12134957313538
0.0,0.5,144.1716763973236
0.0,0.5,144.2213568687439
0.0,0.5,144.27143096923828
0.0,0.5,144.32139492034912
0.0,0.5,144.37139654159546
0.0,0.5,144.42130970954895
0.0,0.5,144.4716339111328
0.0,0.5,144.52135396003723
0.0,0.5,144.57153487205505
0.0,0.5,144.62141275405884
0.0,0.5,144.67134594917297
0.0,0.5,144.72131204605103
0.0,0.5,144.77153849601746
0.0,0.5,144.82127380371094
0.0,0.5,144.871196269989
0.0,0.5,144.92141199111938
0.0,0.5,144.9713785648346
0.0,0.5,145.0214078426361
0.0,0.5,145.07186007499695
0.0,0.5,145.1213104724884
0.0,0.5,145.17140674591064
0.0,0.5,145.22139811515808
0.0,0.5,145.27150130271912
0.0,0.5,145.32123231887817
0.0,0.5,145.3713436126709
0.0,0.5,145.4212429523468
0.0,0.5,145.4712357521057
0.0,0.5,145.52139902114868
0.0,0.5,145.57135462760925
0.0,0.5,145.62133169174194
0.0,0.5,145.67128038406372
0.0,0.5,145.7212963104248
0.0,0.5,145.77140069007874
0.0,0.5,145.82140254974365
0.0,0.5,145.87132453918457
0.0,0.5,145.92129230499268
0.0,0.5,145.97142362594604
0.0,0.5,146.02125883102417
0.0,0.5,146.07131099700928
0.0,0.5,146.12129616737366
0.0,0.5,146.1712989807129
0.0,0.5,146.2213008403778
0.0,0.5,146.27140021324158
0.0,0.5,146.32126927375793
0.0,0.5,146.37127923965454
0.0,0.5,146.4213285446167
0.0,0.5,146.4713590145111
0.0,0.5,146.52126097679138
0.0,0.5,146.57130599021912
0.0,0.5,146.62130212783813
0.0,0.5,146.67136669158936
0.0,0.5,146.72122955322266
0.0,0.5,146.7713611125946
0.0,0.5,146.82122993469238
0.0,0.5,146.87128901481628
0.0,0.5,146.92122745513916
0.0,0.5,146.97129940986633
0.0,0.5,147.02121353149414
0.0,0.5,147.07143235206604
0.0,0.5,147.12123012542725
0.0,0.5,147.1712510585785
0.0,0.5,147.2211480140686
0.0,0.5,147.27137279510498
0.0,0.5,147.32134437561035
0.0,0.5,147.3712739944458
0.0,0.5,147.4212441444397
0.0,0.5,147.47129344940186
0.0,0.5,147.52125477790833
0.0,0.5,147.57121467590332
0.0,0.5,147.62131881713867
0.0,0.5,147.6713993549347
0.0,0.5,147.72123503684998
0.0,0.5,147.77104806900024
0.0,0.5,147.8211271762848
0.0,0.5,147.87124109268188
0.0,0.5,147.92123293876648
0.0,0.5,147.97130846977234
0.0,0.5,148.02124333381653
0.0,0.5,148.07121515274048
0.0,0.5,148.12123560905457
0.0,0.5,148.1712818145752
0.0,0.5,148.22123765945435
0.0,0.5,148.2712116241455
0.0,0.5,148.32115769386292
0.0,0.5,148.37125515937805
0.0,0.5,148.42114353179932
0.0,0.5,148.471088886261
0.0,0.5,148.52118921279907
0.0,0.5,148.57123923301697
0.0,0.5,148.62117171287537
0.0,0.5,148.67122864723206
0.0,0.5,148.72124552726746
0.0,0.5,148.77103209495544
0.0,0.5,148.82128620147705
0.0,0.5,148.87129473686218
0.0,0.5,148.92116594314575
0.0,0.5,148.97115755081177
0.0,0.5,149.02118587493896
0.0,0.5,149.0716323852539
0.0,0.5,149.1211953163147
0.0,0.5,149.17116785049438
0.0,0.5,149.22117233276367
0.0,0.5,149.27122378349304
0.0,0.5,149.32121419906616
0.0,0.5,149.37125658988953
0.0,0.5,149.4212248325348
0.0,0.5,149.47112774848938
0.0,0.5,149.52123546600342
0.0,0.5,149.57115483283997
0.0,0.5,149.62120819091797
0.0,0.5,149.67124819755554
0.0,0.5,149.7211287021637
0.0,0.5,149.77141785621643
0.0,0.5,149.82129383087158
0.0,0.5,149.8711817264557
0.0,0.5,149.92113780975342
0.0,0.5,149.97117376327515
0.0,0.5,150.02113437652588
0.0,0.5,150.07106280326843
0.0,0.5,150.1211507320404
0.1,0.0,150.27340960502625
0.1,0.0,150.37334537506104
0.0,0.4536041708369006,150.47310161590576
0.0,0.39999999999999997,150.57289791107178
0.0,0.49999999999999983,150.67313170433044
0.1,0.0,150.77327013015747
0.1,0.0,150.872967004776
0.1,0.0,150.97305703163147
0.1,0.0,151.07295608520508
0.0,0.39999999999999997,151.17322373390198
0.0,0.39999999999999997,151.27280807495117
0.1,0.0,151.37280893325806
0.0,0.43039239645004285,151.47305274009705
0.0,0.39999999999999997,151.5728816986084
0.0,0.43327237367630017,151.6729497909546
0.0,0.4655366034884203,151.77289366722107
0.0,0.46304162426998746,151.87298345565796
0.0,0.5,151.97319149971008
0.0,0.4999999999999997,152.0732386112213
0.0,0.47571403603804724,152.17321634292603
0.0,0.47586752113543024,152.2732491493225
0.0,0.4999999999999995,152.3732237815857
0.0,0.47811147915689584,152.47350072860718
0.0,0.4693307073492755,152.5734302997589
0.0,0.4595916748046873,152.6733431816101
0.0,0.4999999999999995,152.7739384174347
0.0,0.41317350048767887,152.87318420410156
0.0,0.47092900276184063,152.973379611969
0.0,0.447837039044029,153.07323455810547
0.0,0.4134166780271031,153.17328906059265
0.0,0.48964393703561043,153.27328181266785
0.0,0.49999999999999983,153.37332344055176
0.0,0.5000000000000003,153.47338891029358
0.0,0.4905407014646028,153.57333636283875
0.0,0.47256814304151024,153.67359066009521
0.0,0.4728279690993464,153.77284336090088
0.0,0.5000000000000002,153.87316632270813
0.0,0.4805060738011407,153.9735267162323
0.0,0.4598630076960516,154.07326579093933
0.0,0.4999999999999996,154.173237323761
0.0,0.47990165760642634,154.27323484420776
0.0,0.46326268095719214,154.37326431274414
0.1,0.4670442323935663,154.47338151931763
0.1,0.4457767731265018,154.5732569694519
0.1,0.41479791591041976,154.6732189655304
0.25157954405098665,0.4878373610345943,154.77304935455322
0.1754141983865813,0.485447084590008,154.87314867973328
0.17444661256799454,0.46569513207987745,154.973242521286
0.24701514892957696,0.4837419729483754,155.07312536239624
0.24520541966381407,0.46759843387101807,155.17325472831726
0.2425503058811189,0.4497335989224284,155.27304410934448
0.24003033785873237,0.44136817486662594,155.37303519248962
0.23791542608067517,0.4800715440197998,155.47313952445984
0.23406553822525408,0.4748506935019243,155.57304573059082
0.230801836192053,0.4748487563509691,155.6728503704071
0.22809619760282118,0.46168912366816883,155.77269887924194
0.2251529103346067,0.4524707558907961,155.87294578552246
0.22070328229838163,0.4486065569676852,155.97317051887512
0.1587994143718457,0.475653806485628,156.07305240631104
0.21641677913009263,0.44819352658171413,156.17295718193054
0.21176193204075286,0.43636268722383603,156.27322506904602
0.15426119471209934,0.3997601521642585,156.37306332588196
0.15301281485252013,0.47911777088516616,156.47331166267395
0.15080092866582942,0.48032183333447126,156.57312273979187
0.1491904004444618,0.46241301172658045,156.6731550693512
0.14798725906191254,0.4631574329576997,156.77289295196533
0.146156908109425,0.4390656672025984,156.87306141853333
0.14465932915381197,0.4206849587591073,156.9730315208435
0.14344363731433368,0.4000642105152734,157.07296562194824
0.14166756826287727,0.37878590633994674,157.173024892807
0.14011529597235445,0.3733629502748187,157.27301907539368
0.1386279731224077,0.34385295196583393,157.37298846244812
0.13730999388290926,0.3692293342791106,157.4728410243988
0.13478391454365113,0.3189954945915623,157.57289814949036
0.13316292478068226,0.3100422024726866,157.6728835105896
0.13154579606115463,0.2941225823603178,157.7726469039917
0.12915709496147462,0.27477198933300223,157.8727729320526
0.12739836882321764,0.24222192952507424,157.97306752204895
0.12581459796082362,0.23130304405563762,158.07293605804443
0.12354559770923745,0.09763725682308798,158.17300868034363
0.1,0.24487997167988831,158.27290391921997
0.1,0.2270761891415245,158.37272882461548
0.1,0.2024207519857507,158.47295451164246
0.1,0.20042651750539478,158.5728259086609
0.1,0.1690101254927485,158.67278957366943
0.1,0.17311489158555082,158.77289700508118
0.1,0.14409574160450384,158.87277722358704
0.1,0.0,158.97287821769714
0.1,-0.02352578639984132,159.0727756023407
0.1,0.0,159.17286276817322
0.1,-0.14456718862056733,159.27259039878845
0.1,0.0,159.372576713562
0.1,-0.130169482161536,159.4730625152588
0.1,-0.10308877348311639,159.5728244781494
0.0,0.39999999999999997,159.6726484298706
0.0,0.39999999999999997,159.77262687683105
0.0,0.39999999999999997,159.872642993927
0.0,0.39999999999999997,159.9726047515869
0.0,0.39999999999999997,160.07278108596802
0.0,0.39999999999999997,160.17279982566833
0.0,0.39999999999999997,160.27283787727356
0.0,0.39999999999999997,160.37295079231262
0.0,0.39999999999999997,160.473539352417
0.0,0.39999999999999997,160.5729579925537
0.0,0.39999999999999997,160.67300057411194
0.0,0.39999999999999997,160.77288389205933
0.0,0.39999999999999997,160.8730821609497
0.0,0.39999999999999997,160.9730668067932
0.0,0.39999999999999997,161.07297372817993
0.0,0.39999999999999997,161.17319345474243
0.0,0.39999999999999997,161.273122549057
0.0,0.39999999999999997,161.3734381198883
0.0,0.39999999999999997,161.4732687473297
0.0,0.4386986029775519,161.57304334640503
0.0,0.4143099496239112,161.673171043396
0.0,0.39999999999999997,161.77309131622314
0.0,0.39999999999999997,161.87318801879883
