1.381115818297343,-3.7993222548794314,0.0,0.0,0.0047804167115880255,0.9999885737427521,1.64546799659729
1.5789005332351753,-3.7889215508912035,0.0,0.0,0.01150311769549635,0.9999338369528674,5.213379383087158
2.0020842750497625,-3.7969683101375415,0.0,0.0,0.004468692674311172,0.9999900153430445,6.6996166706085205
2.4410801469534915,-3.8059729988860425,0.0,0.0,0.001091112869431625,0.9999994047361759,8.187682867050171
2.8551875030570564,-3.831836507501079,0.0,0.0,0.004515901116160473,0.9999898032665678,9.691786766052246
3.26233891224755,-3.838280524895581,0.0,0.0,0.013045063991850379,0.9999149095325305,11.161747694015503
3.660506828698585,-3.78936384020115,0.0,0.0,0.1206494851874049,0.9926951705956941,13.306685209274292
3.8212970782849416,-3.7262962391761065,0.0,0.0,0.621941209698426,0.7830639384359738,17.608999013900757
3.799936029234437,-3.724172187432623,0.0,0.0,0.9253513438147277,0.3791106573288035,18.944950103759766
3.778927797405864,-3.7235128123740897,0.0,0.0,-0.9932428619332727,0.11605437182028805,21.104461908340454
3.7700414499958286,-3.7309195675285367,0.0,0.0,-0.8008144771459736,0.5989124920999903,23.265260934829712
3.779261382518137,-4.1549258936961,0.0,0.0,-0.6070812071985722,0.7946397975600796,25.72138547897339
3.974714650508106,-4.566049425975607,0.0,0.0,-0.4991182802610723,0.8665338667987708,27.95516872406006
4.320142972383771,-5.012122138406065,0.0,0.0,-0.3791215436381901,0.925346883687083,30.637658834457397
4.725563145963869,-5.316943953986951,0.0,0.0,-0.223601084820534,0.9746807450991737,33.16660785675049
5.130683011224896,-5.392714092706017,0.0,0.0,0.008049684966529642,0.9999676007611145,35.54826498031616
5.544634940743935,-5.286931369858836,0.0,0.0,0.15337979801596766,0.988167312533956,37.63697576522827
5.973008283939108,-5.110353818703127,0.0,0.0,0.1803073560287112,0.9836103178403202,39.348719358444214
6.418591762888148,-4.93003537726312,0.0,0.0,0.18634981957105817,0.9824834577466606,40.9887318611145
6.845030883496654,-4.754820284079968,0.0,0.0,0.1837904156300531,0.9829654536770518,42.62880039215088
7.257208599827472,-4.594849745984099,0.0,0.0,0.18649010193205406,0.9824568397041022,44.341222286224365
7.299939898686241,-4.5608860118212355,0.0,0.0,0.6768923249035237,0.7360820473878591,46.12141990661621
7.295077047024321,-4.55349590315308,0.0,0.0,0.9484468865520962,0.3169361187836362,47.461533069610596
7.292039396144127,-4.566115181994708,0.0,0.0,-0.9825673549455218,0.18590694714119999,48.809865951538086
7.254659196044628,-4.618972327830738,0.0,0.0,-0.7757915339115282,0.6309892993634664,51.04026651382446
7.309751846403523,-4.747850370042246,0.0,0.0,-0.3657322165813528,0.9307201221390298,53.42079734802246
7.648376717014894,-4.965045687667796,0.0,0.0,0.021663471725435982,0.9997653194589224,56.10290002822876
7.644258607983399,-4.952720020679229,0.0,0.0,0.5215183025648443,0.8532400952193254,57.51705622673035
7.630424700751219,-4.903720827052613,0.0,0.0,0.8879968158629588,0.459849600431757,59.379663944244385
7.613723803887548,-4.899766076454469,0.0,0.0,-0.9983694916747551,0.057082029510969225,61.09378719329834
7.60689077845549,-4.905260357408316,0.0,0.0,-0.8415220206692962,0.5402228139653718,63.176491260528564
7.596620089130151,-4.922129782428443,0.0,0.0,-0.46183900622242563,0.8869637717130742,65.18380832672119
7.900264090196936,-5.061415981994697,0.0,0.0,-0.1093734418658978,0.9940007294838406,67.79684972763062
8.296903027163312,-5.135076650443395,0.0,0.0,-0.08918774781944577,0.9960148320376032,69.36024856567383
8.708263443679504,-5.149528734122569,0.0,0.0,0.08286916698514776,0.9965604352788584,71.36834406852722
9.048934793505955,-4.928034280648279,0.0,0.0,0.5057031448099287,0.862707557245993,74.42090058326721
9.088667397409422,-4.718586376268768,0.0,0.0,0.8190065017486424,0.5737842365327328,78.96271848678589
9.080882676841176,-4.723746055064786,0.0,0.0,0.9957308769531347,0.09230395810658029,80.44292044639587
9.070826098400918,-4.728798413371365,0.0,0.0,-0.9185033987220733,0.39541308341530623,82.37901043891907
9.060554810636457,-4.735381757190135,0.0,0.0,-0.6041166883738166,0.7968958695013125,84.31758499145508
9.056372406196045,-4.73763897371646,0.0,0.0,-0.13830244962913865,0.9903900405530033,86.25080585479736
9.053964691060592,-4.7395316547555595,0.0,0.0,0.36413874092957044,0.9313447145682565,88.18598532676697
9.038398050797788,-4.740186122833537,0.0,0.0,0.774519530282258,0.6325499958195799,90.11785292625427
9.035681016178552,-4.747155618393185,0.0,0.0,0.9843017451511116,0.1764938369815678,91.899418592453
8.615791018495296,-4.778631652006969,0.0,0.0,-0.999773219951504,0.021295742950211152,94.50887322425842
8.187450928437388,-4.819414750677186,0.0,0.0,-0.9995445007272525,0.030179315199443797,96.00111651420593
7.743634418728179,-4.863186915615603,0.0,0.0,-0.9993497779815538,0.03605580741322044,97.55994200706482
7.3171807501289905,-4.918381590853162,0.0,0.0,-0.9976149067795599,0.06902534151462161,99.57616543769836
7.137789075881481,-4.957057936564752,0.0,0.0,-0.8280612061267324,0.5606377073547062,103.88514041900635
7.143591631071524,-4.973287120431025,0.0,0.0,-0.4519029335575116,0.8920671155479925,105.22366094589233
7.141312925538004,-4.969134662458079,0.0,0.0,0.03423091911526118,0.9994139503611726,107.0866219997406
7.139009483541836,-4.958372274480744,0.0,0.0,0.5271551381254207,0.8497690629506164,109.31787967681885
7.147391627255022,-4.94139313659826,0.0,0.0,0.8787148342671984,0.4773470855035882,111.40468120574951
6.783285519696158,-4.720390622145342,0.0,0.0,0.9841903247197005,0.1771141008732237,114.24169588088989
6.375517023921638,-4.6497675616824035,0.0,0.0,0.9996614408383174,0.026019294784047627,116.38785409927368
5.975180280975868,-4.642651138058851,0.0,0.0,-0.999810239769063,0.01948036069811546,118.02728366851807
5.583951595970589,-4.672878571198906,0.0,0.0,-0.9989253570826108,0.04634793390625384,119.58490109443665
5.177746397514432,-4.73184061037173,0.0,0.0,-0.9922212819597244,0.12448665641827285,121.29735326766968
4.838967530567925,-4.964932336724577,0.0,0.0,-0.8472954899553649,0.531121787070817,125.98318290710449
4.859855406060796,-4.9608870812898145,0.0,0.0,-0.453595245998489,0.8912078056253605,127.39820122718811
4.872853304466045,-4.965680811275835,0.0,0.0,0.04107053091035499,0.9991562497881608,129.40798711776733
4.889792883076529,-4.959429205160679,0.0,0.0,0.5380626200243085,0.8429048682577273,131.64316725730896
4.854352497759101,-4.677591501945283,0.0,0.0,0.8116702259505492,0.5841159510793935,134.02512383460999
4.639381472697068,-4.242385862665699,0.0,0.0,0.8994340958459948,0.4370564119535348,136.70072054862976
4.266383390232186,-3.848515488368522,0.0,0.0,0.9361858773476086,0.35150533858661137,139.0094509124756
3.8727772468607897,-3.545965160908027,0.0,0.0,0.95664018031749,0.2912723217233664,141.02455639839172
3.4887139234810975,-3.3254809495622104,0.0,0.0,0.9999904899523602,0.0043611930522175725,143.3972930908203
3.4064121732975527,-3.398745436354457,0.0,0.0,-0.8662348183809961,0.49963710773364567,145.33148407936096
3.4192843413774323,-3.4077852312090497,0.0,0.0,-0.4952558846606518,0.868747148892585,146.74586868286133
3.4323473333842554,-3.4239942961202607,0.0,0.0,-0.001187341502617479,0.9999992951098297,148.16778564453125
3.4392322393752197,-3.429459514813427,0.0,0.0,0.4929732018007693,0.8700444944405418,150.25273871421814
3.4297908434244495,-3.3906410760903607,0.0,0.0,0.8553288301005706,0.51808550684109,152.41619396209717
3.059001713826256,-3.068029587990972,0.0,0.0,0.9772239816887383,0.2122104842188728,155.68598651885986
2.668854007598761,-2.9505545416478824,0.0,0.0,0.9967292951751424,0.0808128216291445,157.6926727294922
2.2689351587666757,-2.9417703138555344,0.0,0.0,-0.999166685105226,0.040815871616740815,163.28161430358887
1.850934243893194,-3.060076496121347,0.0,0.0,-0.9631901244331132,0.268821100724113,165.66106820106506
1.5531500125882827,-3.434515012729394,0.0,0.0,-0.7879621140465807,0.6157237260551549,168.71418929100037
1.549764978184478,-3.6359615428085186,0.0,0.0,-0.47733981638291323,0.8787187830560621,180.91403079032898
1.559176108035077,-3.6438836499961096,0.0,0.0,0.020704604552629822,0.9997856366993473,183.51446413993835
1.9988748938156928,-3.6225198612946152,0.0,0.0,0.020778438846949406,0.9997841049342021,185.15421557426453
2.436314448894949,-3.610037301495773,0.0,0.0,0.01654995607279449,0.9998630400979869,186.64536094665527
2.8654693737695185,-3.6056250641512415,0.0,0.0,0.008468866008373759,0.9999641385112429,188.1315462589264
3.303178096375814,-3.592619144915648,0.0,0.0,0.0045817419139628866,0.9999895037654315,189.62279343605042
3.70977796904186,-3.5904896630428538,0.0,0.0,-0.02314776475273448,0.9997320545961063,191.92776536941528
3.8419595233111603,-3.616346124699322,0.0,0.0,-0.5309286642273903,0.8474165171282179,195.43175101280212
3.837777434025462,-3.6150892322835206,0.0,0.0,-0.8938370640797612,0.4483919076848654,196.92161893844604
3.8213855697136765,-3.6187525884651626,0.0,0.0,0.9988025484863726,0.0489230941082753,199.00200533866882
3.806509056136148,-3.6019873586430884,0.0,0.0,0.8518263880637638,0.5238242115426148,200.94412183761597
3.7970110124233223,-3.5804548915278627,0.0,0.0,0.4765815378060056,0.8791302735217704,202.80397701263428
4.037267492007349,-3.514793989453472,0.0,0.0,0.026485955997962253,0.9996491855320415,205.49772810935974
4.435261281199392,-3.596852906026542,0.0,0.0,-0.24631463557100208,0.9691899196254181,207.94469285011292
4.727889636180925,-3.9146821125752345,0.0,0.0,-0.6146964208409115,0.7887637860635928,211.22406697273254
4.756789834753582,-4.300240554308641,0.0,0.0,-0.6275265641989131,0.7785951523254607,215.45886754989624
5.030234209066571,-4.702339437070781,0.0,0.0,-0.3542601741286459,0.9351469023775577,219.40764498710632
5.39480164902155,-4.943207082346407,0.0,0.0,-0.26935577904154845,0.9630407386486413,221.41702222824097
5.768942736593622,-5.099960229931845,0.0,0.0,-0.1701326073223806,0.9854211769216696,223.4234266281128
6.16707848647348,-5.158402672142391,0.0,0.0,-0.03543612038261927,0.9993719434586047,225.51015734672546
6.602286905459792,-5.158579412344293,0.0,0.0,-0.00037388559956128773,0.9999999301047767,227.21659779548645
7.037795006612878,-5.151538969982423,0.0,0.0,0.020674730010150032,0.9997862549260254,228.92996764183044
7.475194130954603,-5.107864038125847,0.0,0.0,0.06871334998001684,0.9976364445701268,230.6442153453827
7.904607284891496,-5.027138631754779,0.0,0.0,0.12047830612863171,0.9927159602587116,232.43197083473206
8.332963823836357,-4.931889461953988,0.0,0.0,0.11426896203065502,0.9934498499252172,233.99712777137756
8.769643811520904,-4.802823844605793,0.0,0.0,0.19161771509848546,0.9814696384812093,236.08044934272766
9.00613715628898,-4.7009902545449345,0.0,0.0,0.451763481944783,0.8921377451835146,240.16809463500977
9.001314042501779,-4.701970172289221,0.0,0.0,0.8448927801745472,0.5349356877316416,241.6568214893341
8.999122176240725,-4.705521321919409,0.0,0.0,0.9988232499091209,0.04849861277378921,243.30015873908997
8.574908159255028,-4.735341535183363,0.0,0.0,-0.9997585775911096,0.02197240389673445,245.46212458610535
8.159203959077928,-4.770510185287914,0.0,0.0,-0.9992635394048444,0.038371588657535476,246.94624423980713
7.728063946527053,-4.815916820443465,0.0,0.0,-0.9992024156614919,0.03993159821794084,248.44173312187195
7.290202636659226,-4.87915715254307,0.0,0.0,-0.9942422378050602,0.10715583308614739,250.59371209144592
7.112871497068846,-4.9283970720284405,0.0,0.0,-0.7961313486972755,0.6051238514729502,254.6902003288269
7.111490575695556,-4.940602946213853,0.0,0.0,-0.35827638812428475,0.9336155684823475,256.17760038375854
7.103467649029435,-4.92789035408534,0.0,0.0,0.15104619816883633,0.9885267047575096,259.45483899116516
7.112497853246123,-4.893244096972878,0.0,0.0,0.6232615462179462,0.7820134557704329,261.0895781517029
7.11040409820329,-4.884733113076132,0.0,0.0,0.9349632411366656,0.35474460915315015,262.5751922130585
6.893636613843741,-4.885604919603412,0.0,0.0,0.9999999671025152,0.00025650529958944497,264.44394063949585
6.471146364567874,-4.898097091909432,0.0,0.0,0.9999850199223838,0.005473566554785994,265.9305377006531
6.0482652855945895,-4.899027196111511,0.0,0.0,0.9999998810097364,0.0004878324642793367,267.42218947410583
5.62674199031061,-4.9008000360802875,0.0,0.0,-0.9999311441473457,0.011734861063516169,268.99205923080444
5.206236869097622,-4.924720901604039,0.0,0.0,-0.9981496171432344,0.060805771081490434,270.61826753616333
4.837498163447066,-5.010025951275236,0.0,0.0,-0.92290614527903,0.3850249953005674,275.38523292541504
4.853254750488781,-5.009092367736431,0.0,0.0,-0.5834130823333723,0.8121755816092193,276.8715989589691
4.865215723902102,-5.016286752205161,0.0,0.0,-0.1050003223208683,0.994472187802411,278.3596248626709
4.868472373836402,-5.021928703263815,0.0,0.0,-0.5946217930129577,0.8040055492806347,282.08686447143555
4.8673396760561936,-5.04218101178895,0.0,0.0,-0.920327648695659,0.3911483338150882,284.0285065174103
4.46526995152334,-5.175891966408479,0.0,0.0,-0.9957338887462427,0.09227146255633575,286.6336100101471
4.036868363160919,-5.21524459058471,0.0,0.0,0.9996668064084041,0.025812325839070498,288.6401946544647
3.630710946001671,-5.180477923972478,0.0,0.0,0.9960520495940154,0.08877113550902184,290.42493987083435
3.242324565185338,-5.094658497026291,0.0,0.0,0.9902392261601007,0.13937817251580253,292.1372175216675
2.859644546965174,-4.979542091262989,0.0,0.0,0.9830884000595843,0.18313164027083526,293.9953215122223
2.4965663042031063,-4.817090441384391,0.0,0.0,0.9714281523989725,0.23733382550053547,296.60594391822815
2.1148106213291706,-4.609271942230454,0.0,0.0,0.9631062835172505,0.26912132329042526,299.5104229450226
1.7519161599389095,-4.334116682234836,0.0,0.0,0.9177752017030556,0.39710033888038365,301.6758737564087
1.6013489837694985,-3.966070084731374,0.0,0.0,0.6035309563917711,0.7973395667322889,306.5111141204834
1.6084309825389707,-3.978470212304378,0.0,0.0,0.10715586588552962,0.9942422342700608,308.2358021736145
2.033500013260679,-4.016902685387252,0.0,0.0,-0.0017022501761563647,0.9999985511711194,310.68458890914917
2.480969820001687,-4.027335762257066,0.0,0.0,0.03557632879882804,0.9993669620460733,312.4725992679596
2.9314262232821395,-3.998915196828188,0.0,0.0,0.06642977495851174,0.9977911028862512,314.2577042579651
3.3557060680316546,-3.9555030120734065,0.0,0.0,0.08236766770360218,0.9966020104921869,315.8228933811188
3.7928549551688717,-3.7857308071495948,0.0,0.0,0.2673217172603868,0.9636073367720681,318.87342596054077
3.8588282230108244,-3.7408734515312596,0.0,0.0,0.7061408457360638,0.7080713989303314,321.9922113418579
3.854532389676123,-3.7436516208589996,0.0,0.0,0.9716831233721217,0.2362877647145491,323.486603975296
3.8419383562097082,-3.7469937146188763,0.0,0.0,0.9666683134773463,0.25603197401665084,326.31969833374023
3.8337244969911164,-3.7467235348945898,0.0,0.0,0.7075361588838589,0.7066771425989911,328.18881845474243
3.877606505231476,-3.7122964999786108,0.0,0.0,0.2677839973553767,0.9634789726612489,330.27129435539246
4.297811251034463,-3.6511844441478614,0.0,0.0,-0.12912427180359998,0.9916284195358612,333.32617831230164
4.6639357509762505,-3.8755603083468304,0.0,0.0,-0.45909628282873743,0.8883865167216553,336.2265441417694
4.716343626109159,-4.205330115863297,0.0,0.0,-0.7251310683649732,0.6886108724757928,340.02111315727234
4.886738678223023,-4.617505753282769,0.0,0.0,-0.4371978295143503,0.8993653639472342,344.0344593524933
5.256802138743311,-4.8988984243979505,0.0,0.0,-0.29151263908793057,0.9565669768772023,346.41993165016174
5.649084071108668,-5.073336060396002,0.0,0.0,-0.19285177357991717,0.9812279008604884,348.4315354824066
6.060911528244156,-5.13863677940449,0.0,0.0,-0.03460101933712286,0.9994012054529613,350.6602511405945
6.483240666973624,-5.1406307089155385,0.0,0.0,0.01303521215528259,0.9999150380127637,352.37369418144226
6.923979216941047,-5.104181686051161,0.0,0.0,0.05876552030998504,0.9982718134970539,354.1595206260681
7.359740959184753,-5.017661041164182,0.0,0.0,0.15311419330715065,0.9882085021936922,359.59526205062866
7.816766964246119,-4.857841353096757,0.0,0.0,0.1688872966304393,0.9856353692095582,361.4557132720947
8.263171293426119,-4.699318556401057,0.0,0.0,0.16797959158549786,0.985790473077707,363.1685779094696
8.705543611099133,-4.583241938934732,0.0,0.0,0.08675986851654317,0.9962292533423178,365.32980704307556
8.924985836631913,-4.559528046933519,0.0,0.0,0.30038808430776553,0.9538170677891599,369.0467779636383
8.925523722248892,-4.550292281275111,0.0,0.0,0.7437686068524229,0.6684371768990756,370.53439497947693
8.930316700141,-4.548439243492123,0.0,0.0,0.9800266301823082,0.19886629712827017,372.0214886665344
8.505911529648586,-4.582271499109081,0.0,0.0,-0.9990750986646156,0.04299938637107051,374.8609998226166
8.053186118415152,-4.62747292357538,0.0,0.0,-0.9972434888051379,0.07419854470107064,376.56847882270813
7.606878637779314,-4.694572464201376,0.0,0.0,-0.9966613656025177,0.0816463245671508,378.1322741508484
7.144228752645875,-4.838710773026059,0.0,0.0,-0.9721776699540077,0.2342446969363372,381.10290479660034
7.0728756495487906,-4.877318401479682,0.0,0.0,-0.7140819454076472,0.7000621224168823,384.07474064826965
7.07474387633811,-4.884684083741773,0.0,0.0,-0.24696038811100446,0.9690255758771602,385.562299489975
7.064738762864714,-4.8732740325824455,0.0,0.0,0.2517784387647677,0.967784902637552,387.9466600418091
7.062624421548707,-4.861390695827227,0.0,0.0,0.6935924228220453,0.7203676498870873,389.96138167381287
7.019476542792384,-4.816900497658935,0.0,0.0,0.9626487996678776,0.2707531874198241,392.1906154155731
6.618331881764587,-4.672253943388918,0.0,0.0,0.9936738361918783,0.11230452915050292,394.426043510437
6.187806774328024,-4.62896005423518,0.0,0.0,-0.9999859734794317,0.00529649359419029,396.58019161224365
5.760776140590097,-4.652521393383714,0.0,0.0,-0.9988588058424318,0.04776071598113961,398.36669421195984
5.314393914092103,-4.691534011748696,0.0,0.0,-0.9979264802609475,0.0643641203932495,400.005154132843
4.848797673515169,-4.892059595987901,0.0,0.0,-0.917417615702245,0.39792576996119244,403.20376467704773
4.8055935235843945,-4.9624871864552755,0.0,0.0,-0.5860528472347847,0.8102728307477687,406.25601387023926
4.827151044399626,-4.959510834088687,0.0,0.0,-0.10206438004859135,0.9947777954524802,407.74817967414856
4.835162990558103,-4.96452594586514,0.0,0.0,0.3968629204667303,0.9178778907668589,410.2762222290039
4.837126184802756,-4.757382848369417,0.0,0.0,0.797015095829982,0.6039593835839664,413.02789640426636
4.595435953358491,-4.30418898230716,0.0,0.0,0.9099292921578582,0.41476340638139597,415.7840898036957
4.262626700918737,-3.9886678266307056,0.0,0.0,0.9467430052508623,0.32199018930483864,417.8646638393402
3.9081234167464802,-3.7586411824147157,0.0,0.0,0.9630007960741804,0.2694985468615642,419.65139150619507
3.5174470931346185,-3.5524174958880153,0.0,0.0,0.975254323389207,0.22108596678817063,421.4373834133148
3.182017677510894,-3.445214928226023,0.0,0.0,-0.9982423181333726,0.059264443705400426,423.51728439331055
3.1321703579566913,-3.4854682884639683,0.0,0.0,-0.8317466784821399,0.5551553501804047,425.3047122955322
3.1685260572688168,-3.5930758859088336,0.0,0.0,-0.45305948363062276,0.8914802882242285,427.1673197746277
3.393195399907946,-3.8695861984610045,0.0,0.0,-0.6932983146484842,0.7206507107507572,430.8942060470581
3.1983048408141213,-4.240426995857615,0.0,0.0,-0.9425506666738717,0.33406322867481236,434.0937213897705
3.063429642862835,-4.356254892944472,0.0,0.0,-0.6351440370323299,0.7723937158096733,436.8429398536682
3.0798425144878223,-4.371909901097698,0.0,0.0,-0.1480155261016084,0.9889850373149556,438.33159375190735
3.0904473423948664,-4.35620459467896,0.0,0.0,0.35409537768704824,0.9352093153410452,439.8207302093506
3.1130186692719337,-4.226245470966343,0.0,0.0,0.7730528389094333,0.634341633707,442.13051438331604
2.8827106016829505,-3.7688782951879296,0.0,0.0,0.9070657714735985,0.4209889383594367,445.18077635765076
2.5562291941973325,-3.42595545632535,0.0,0.0,0.945832011492909,0.3246564430829577,447.41450452804565
2.1996514212053597,-3.205852336513006,0.0,0.0,0.9843510436379002,0.17621867917158174,449.4969902038574
2.0261909352592253,-3.204602925621788,0.0,0.0,-0.9427950080907295,0.33337302338251884,451.7293791770935
2.003854387415144,-3.2556396647566306,0.0,0.0,-0.6488466453809282,0.7609192012151593,453.44263792037964
2.0147080454131006,-3.264202886611626,0.0,0.0,-0.17868388484612216,0.9839065348376835,454.85995984077454
2.036915447958832,-3.2642708795081172,0.0,0.0,0.33805412256609124,0.9411266706538871,456.72339725494385
2.045033675933373,-3.2646165941777134,0.0,0.0,0.7567780381631636,0.653671936795449,458.731840133667
1.9364491385489975,-3.197475079275087,0.0,0.0,0.9802700838814697,0.1976627497709578,460.9727659225464
1.6958843501133616,-3.2212871033456536,0.0,0.0,-0.9503014322480444,0.31133131526930513,463.6426658630371
1.584348978683431,-3.402289320063814,0.0,0.0,-0.6740805073732663,0.7386578839891983,466.0163195133209
1.6335368036356346,-3.4705384519038045,0.0,0.0,-0.23017560220966227,0.973149110952386,468.0297341346741
1.6558553725497709,-3.4778372662749715,0.0,0.0,0.28553907910525844,0.9583670665792523,469.5897204875946
1.6672771846821586,-3.4702340135323495,0.0,0.0,0.72846624067925,0.6850817003764157,471.52826619148254
1.6620235583541423,-3.4582952443259773,0.0,0.0,0.9708346099078715,0.23975020376431566,473.5360391139984
1.6490571277287602,-3.45530631969219,0.0,0.0,-0.9605384935676868,0.2781470876617602,475.7727723121643
1.5495075943358445,-3.62525640494916,0.0,0.0,-0.6908536625128245,0.7229946175405569,479.1918411254883
1.5545254215763407,-3.633319505037668,0.0,0.0,-0.2243136606640704,0.9745169991536753,480.7524619102478
1.8017168300886204,-3.6027024869455357,0.0,0.0,0.024162679061966733,0.9997080398499095,482.91886806488037
2.230943010957037,-3.5683413753655704,0.0,0.0,0.02039351197354954,0.9997920307090794,484.399258852005
2.665149459424544,-3.536999121117505,0.0,0.0,0.010649165359681146,0.999943296030901,485.9623513221741
3.1069598706642436,-3.519021843056168,0.0,0.0,0.004185156012652998,0.9999912421962253,487.5281720161438
3.523078679714365,-3.5018608011332786,0.0,0.0,-0.05815361823714673,0.9983076463124623,489.314617395401
3.836215410830792,-3.5889513217983753,0.0,0.0,-0.4246632556717355,0.9053513789033969,493.55898451805115
3.8333220864686957,-3.5852727491819283,0.0,0.0,-0.8264903790114936,0.5629508445694328,495.0456085205078
3.823102785115442,-3.5836487905742787,0.0,0.0,-0.9968070240201783,0.07984833663912978,496.7610230445862
3.8116290841643337,-3.5669326241020873,0.0,0.0,0.9084690799940939,0.41795206746071334,499.2170603275299
3.79443967727337,-3.543742580599119,0.0,0.0,0.5740397716765148,0.818827418039708,501.1610462665558
3.8831389102079807,-3.477061913253519,0.0,0.0,0.10096674254081982,0.9948898013854076,503.2454900741577
4.298539107303917,-3.4975602956168093,0.0,0.0,-0.16694179619949484,0.9859667523206279,505.77553391456604
4.650459732859433,-3.7411213841508824,0.0,0.0,-0.43158386401809856,0.9020728176368067,508.37596893310547
4.729430100834023,-4.103489108596051,0.0,0.0,-0.7115009095172391,0.7026851754207865,512.2471752166748
4.9057186829149115,-4.546126518719665,0.0,0.0,-0.4329769468164718,0.9014049941760286,516.7162871360779
5.2616706152315205,-4.81952780527309,0.0,0.0,-0.26588249193870167,0.9640054462919109,519.1717157363892
5.639276970987516,-5.000649852535041,0.0,0.0,-0.2164177011368126,0.9763008648130234,520.9586362838745
6.0309588023643075,-5.120280589232127,0.0,0.0,-0.07733292452339734,0.9970053253542122,523.1153116226196
6.470532897258178,-5.148669826913864,0.0,0.0,-0.017492113475932367,0.9998470012787682,524.981600522995
6.886005450181297,-5.149886727760926,0.0,0.0,0.005492627202038049,0.9999849154094372,526.6141939163208
7.319106279934662,-5.13105077690946,0.0,0.0,0.040325033252979876,0.9991866150490338,528.3277084827423
7.7515620652406,-5.080510111490919,0.0,0.0,0.08125678351675913,0.9966932001034774,530.1228349208832
8.204960224995661,-4.989094206023511,0.0,0.0,0.09915961454456024,0.9950715405654883,531.9071943759918
8.640389829704032,-4.886506379817901,0.0,0.0,0.16043411400507077,0.9870465516192273,533.7685141563416
8.964291511454269,-4.690903668899476,0.0,0.0,0.5415565543801533,0.8406643196947852,538.386152267456
8.959522345149898,-4.695885745000653,0.0,0.0,0.8882213438631057,0.45941576410264656,539.9420161247253
8.72687213620326,-4.712777518045362,0.0,0.0,-0.9997900516635593,0.02049030489225515,542.7736070156097
8.277737643527558,-4.730442024824733,0.0,0.0,-0.9997156709508053,0.023844858049088244,544.3328783512115
7.851183270519908,-4.775853360221638,0.0,0.0,-0.9993603855684611,0.03576058943105886,545.8991858959198
7.4107125260223015,-4.8354457994097375,0.0,0.0,-0.9954058575242604,0.09574538530076471,547.7598884105682
7.1117888582345525,-4.9171865783398685,0.0,0.0,-0.9204168427857075,0.39093840373694466,551.8506336212158
7.108132840310083,-4.923220450913566,0.0,0.0,-0.5887366106952199,0.8083249366604405,553.3370082378387
7.102208242616972,-4.920362607064989,0.0,0.0,-0.08577537978732716,0.9963145006584717,554.905045747757
7.116125491034815,-4.93390323409903,0.0,0.0,-0.5648603441774637,0.8251865192644129,558.4113078117371
7.1137498488146695,-4.950238228708104,0.0,0.0,-0.9083810180600634,0.41814342757977513,560.4197492599487
6.742288048313761,-5.089932352752861,0.0,0.0,-0.9969451262775522,0.07810515470463945,563.2465691566467
6.290714217228747,-5.140724013624291,0.0,0.0,-0.9996394297614278,0.026851638055199026,565.1782217025757
5.851263078991154,-5.150556627747967,0.0,0.0,0.9998708718910717,0.01606983334661825,566.968743801117
5.4247747286299175,-5.131678477408174,0.0,0.0,0.9998641919229084,0.016480221793086915,568.4551129341125
5.014541664639354,-5.099962644203026,0.0,0.0,0.9993368414325124,0.03641259885931488,570.6101908683777
4.85231887911084,-5.086213203159565,0.0,0.0,0.8402022280165683,0.5422731931748005,574.7132303714752
4.864307618660779,-5.087863372689531,0.0,0.0,0.46048207244751566,0.8876690041645258,576.2084348201752
4.883404805848235,-5.083266246289082,0.0,0.0,0.45758425079153403,0.8891662687189335,580.8897323608398
4.866166972403881,-4.83993920414337,0.0,0.0,0.7974316289765376,0.6034093114195584,583.4978544712067
4.634634036703411,-4.378992071019271,0.0,0.0,0.8935526690071555,0.4489583808218629,586.4023151397705
4.313282058358251,-4.021903580843267,0.0,0.0,0.9257568713553507,0.37811931336332544,588.489096403122
3.995895046120021,-3.731777981793779,0.0,0.0,0.9417140754623928,0.3364143279885843,590.2733447551727
3.6338851034999977,-3.4782430936326754,0.0,0.0,0.9552605203851902,0.29576568122994895,592.0594208240509
3.2764617478494755,-3.2900202503291784,0.0,0.0,0.9839691534260079,0.17833873697574892,599.0614488124847
2.8796613158597784,-3.1748657608038084,0.0,0.0,0.9915968741508948,0.12936629844814468,600.7729260921478
2.4772435502996424,-3.102400754273242,0.0,0.0,0.9983367003311973,0.05765269093301126,602.5614392757416
2.0557857013053105,-3.0926607353752544,0.0,0.0,-0.9974279834747923,0.07167578239133117,604.5696744918823
1.6330688085534966,-3.3368354376323133,0.0,0.0,-0.902442897783308,0.43080948949676806,607.6946992874146
1.5397338120947712,-3.643438325829054,0.0,0.0,-0.5970817858631963,0.8021803668692075,612.0922482013702
1.554872296500182,-3.6512285205136874,0.0,0.0,-0.1155315709938193,0.9933038085619627,613.6537837982178
2.0101198534247064,-3.641640736707286,0.0,0.0,0.014995647820491847,0.9998875589517272,616.1846194267273
2.4795610653319047,-3.625982903836632,0.0,0.0,0.009838221420141105,0.999951603528535,617.8245770931244
2.9473238536105226,-3.618831930214291,0.0,0.0,0.0038795735202338173,0.9999924744263334,619.4641470909119
3.3822751054523637,-3.615309649868505,0.0,0.0,-0.011751846878449787,0.9999309446631529,621.022824048996
3.799558658908707,-3.6410190755020158,0.0,0.0,-0.05855798956259284,0.9982840086159787,624.0001935958862
3.8309527021470573,-3.645523589849807,0.0,0.0,-0.5569522906152354,0.8305444876576102,626.7643141746521
3.843901595041773,-3.6559161824639013,0.0,0.0,-0.8987148587300563,0.4385334681615702,628.2498667240143
3.8398705193785894,-3.6493730469428076,0.0,0.0,0.9976918359775232,0.06790434760601866,630.3348729610443
3.8306218131642416,-3.6414739287132134,0.0,0.0,0.8279654365833892,0.5607791328350921,632.3478751182556
3.8237000426755623,-3.6250802257723573,0.0,0.0,0.4345481694366533,0.9006485932033945,634.2836382389069
4.138230102669126,-3.5054696476818834,0.0,0.0,0.02165407596524265,0.9997655230073157,637.4155979156494
4.5355257973000755,-3.6049375891204383,0.0,0.0,-0.2759869819895864,0.9611613734291863,640.0191740989685
4.802686304891883,-3.9434610728606034,0.0,0.0,-0.6345113783970409,0.7729135208318504,643.3709044456482
4.84575828367065,-4.380412996363142,0.0,0.0,-0.5659376554673841,0.8244480396750788,647.9964280128479
5.143801972292017,-4.749668666975356,0.0,0.0,-0.3415957396604735,0.9398469825699363,651.2690279483795
5.500036359403625,-4.955757741583327,0.0,0.0,-0.25694314161139975,0.9664265217691742,653.2017862796783
5.872299342740967,-5.117800983255039,0.0,0.0,-0.19630241010167787,0.9805434022970491,655.2837817668915
5.882003105458806,-5.13430008515421,0.0,0.0,-0.6644243379040328,0.7473555373453706,657.9673757553101
5.864457759180821,-5.1381896059558505,0.0,0.0,-0.9491265270648817,0.3148949596639432,659.8352370262146
5.478464253685612,-5.147487065460802,0.0,0.0,0.9907555506330739,0.13565927498610114,663.409342288971
5.184355800982754,-4.9907019891261735,0.0,0.0,0.8721056506866542,0.48931762081536306,666.0128657817841
5.160559944631749,-4.760454504434328,0.0,0.0,0.519041331609844,0.8547491421935911,669.1451303958893
5.4556210041761375,-4.629567570941762,0.0,0.0,0.15423475283843416,0.9880342306908537,671.8951506614685
5.959893030995228,-4.480659487356475,0.0,0.0,0.10505081593748489,0.9944668551896884,674.0567348003387
6.431988888388794,-4.39385776606132,0.0,0.0,0.032463535302118623,0.999472920531461,676.2184617519379
6.869208813527396,-4.395243392129235,0.0,0.0,-0.017684160826618636,0.9998436230010462,681.0570125579834
7.310376538693146,-4.398831684505462,0.0,0.0,-0.02859651566579297,0.9995910360201196,682.6962070465088
7.743230583075835,-4.409953451151302,0.0,0.0,-0.03574321706932974,0.9993610070607792,684.3364465236664
8.162408973602439,-4.437386577782495,0.0,0.0,-0.0406826264086387,0.9991721192609886,685.9025571346283
8.58975769838722,-4.4758067191581,0.0,0.0,-0.08055468205445697,0.9967501909701876,687.6889190673828
8.902080325377854,-4.5427230376317524,0.0,0.0,-0.3465338802330404,0.9380374565285934,692.2361767292023
8.869142888596265,-4.541488320418041,0.0,0.0,-0.7645484684881422,0.6445662412292753,693.7212145328522
8.852863716918607,-4.5404983391253815,0.0,0.0,-0.9852543391889728,0.17109613411559185,695.3642423152924
8.409455235791315,-4.524546171876299,0.0,0.0,-0.9999553676711787,0.009447892124595814,698.2641756534576
7.970036110616128,-4.55148466015493,0.0,0.0,-0.9992403512641566,0.03897076347064472,700.0548434257507
7.500633107387241,-4.594833459118412,0.0,0.0,-0.9975322200077511,0.07021018477690885,701.834808588028
7.071922992821086,-4.817975414588643,0.0,0.0,-0.8977901474196933,0.4404234907405885,705.4897339344025
7.041679864156997,-4.842304212411905,0.0,0.0,-0.5584678182591271,0.8295261876329708,708.1656439304352
7.044827137172181,-4.825437296961724,0.0,0.0,-0.05999344953798385,0.9981987707929385,709.8004245758057
7.045656607502733,-4.810177008898666,0.0,0.0,0.4482598717236893,0.893903287499415,712.3302597999573
7.048417126493957,-4.783941690894806,0.0,0.0,0.8283570548082189,0.5602004906722713,714.3435323238373
6.849095616148884,-4.696699766912974,0.0,0.0,0.987036859225736,0.16049373361534858,716.8742353916168
6.435389361619059,-4.624866769399439,0.0,0.0,0.9984923030496761,0.05489190059156035,718.9596486091614
6.00477915582521,-4.600556488980499,0.0,0.0,-0.9999970018991247,0.002448712470272271,720.826503276825
5.522799817034015,-4.632884686952819,0.0,0.0,-0.9993652700417861,0.035623826777984334,722.6822838783264
5.046689212263482,-4.706480752574647,0.0,0.0,-0.9894585127378133,0.1448166135865445,724.7637956142426
4.777475835652934,-4.930483227685606,0.0,0.0,-0.7850447342808867,0.6194390730151368,729.3018171787262
4.793748231000809,-4.931972595316807,0.0,0.0,-0.37368678799563315,0.9275549495730734,730.7157084941864
4.807921439623021,-4.937732890875421,0.0,0.0,0.13108959184865404,0.9913705255397466,732.9566740989685
4.824012326370988,-4.914836467645382,0.0,0.0,0.616069839275458,0.7876915342538038,735.111236333847
4.691089049191526,-4.429780869595311,0.0,0.0,0.8657266198105331,0.5005171523049222,738.4635787010193
4.405881564767681,-4.054592036833171,0.0,0.0,0.9217044701636556,0.3878928585064885,740.7721285820007
4.090638481334444,-3.755365277208932,0.0,0.0,0.9383370235554845,0.3457218972310463,742.5542838573456
3.748190775652201,-3.489635863972908,0.0,0.0,0.9522469326293365,0.30532896897939443,744.3431496620178
3.401330119644539,-3.258280469898176,0.0,0.0,0.9652673572120514,0.2612640983772207,746.0549511909485
3.0366061153788113,-3.1023050432296855,0.0,0.0,0.9877323370794949,0.15615642890217207,748.0617988109589
2.6263135270308022,-2.992595011068538,0.0,0.0,0.994912253542381,0.10074526168123772,749.9228918552399
2.2048179080524797,-2.964298060079341,0.0,0.0,-0.9990230797624855,0.04419147091779627,755.7326288223267
1.7433472798981935,-3.149034154984641,0.0,0.0,-0.9399286685825493,0.3413709096812969,758.6311595439911
1.5351389983879655,-3.5112213144563476,0.0,0.0,-0.7516259976709257,0.6595895387475347,761.4624469280243
1.5386553868409512,-3.60925187680254,0.0,0.0,-0.32337572760669064,0.946270647750866,769.1221730709076
