0.012765523602987838,-0.0018575886704669967,0.0,0.0,8.622640514792149e-05,0.9999999962825035,0.24517440795898438
0.21603248034174766,-0.015226394736919568,0.0,0.0,-0.017359555122732146,0.9998493115694689,2.118863821029663
0.641562504212843,-0.007793344405686107,0.0,0.0,-0.017283977125694436,0.999850620910303,3.602294921875
1.085791717888935,-0.017418281897217464,0.0,0.0,-0.018778078856254883,0.9998236763322162,5.075352191925049
1.5294848411970825,-0.023842183996411623,0.0,0.0,-0.014038404178139842,0.9999014567486794,6.540540933609009
1.9681692710851972,-0.004594474274225752,0.0,0.0,-0.006352651693629204,0.9999798217046479,8.003746271133423
2.400733616396306,-0.004250888099652784,0.0,0.0,-0.00881845474018255,0.9999611166720411,9.470708847045898
2.824233660156274,-0.0049125686402335215,0.0,0.0,-0.008660347966331057,0.9999624984833692,10.933840274810791
3.2350230112684355,0.0016902759487542214,0.0,0.0,-0.005483299982309386,0.9999849665976505,12.24258542060852
3.6500499020081,0.0033470423610396007,0.0,0.0,-0.007632631819841853,0.9999708710415033,14.204402446746826
4.060808496168532,0.0015595362745198097,0.0,0.0,-0.009489629928787468,0.9999549724481671,17.65097141265869
4.4966646254785525,-0.003881621323902873,0.0,0.0,-0.010402908428251667,0.9999458882840778,19.12674379348755
4.934221606096828,-0.0053793843190279534,0.0,0.0,-0.007392030713922313,0.9999726785677319,20.59727382659912
5.3860561953975505,-0.002956975483995616,0.0,0.0,-0.008472569971458095,0.9999641071348905,22.0684974193573
5.820989841647988,-0.003454830010971197,0.0,0.0,-0.006823019215486954,0.9999767229334816,23.457853078842163
6.234309945358636,0.016902805141542358,0.0,0.0,0.007687935942997865,0.9999704473837896,25.017473220825195
6.648687281939506,0.037863796016266826,0.0,0.0,0.013628665871754885,0.9999071254204343,28.210132598876953
7.076786450948314,0.05959765980867815,0.0,0.0,0.036988623607821604,0.9993156867194665,29.68144416809082
7.49769991953147,0.12502794419282395,0.0,0.0,0.09794720477337071,0.9951916122421267,31.235503911972046
7.910657792474477,0.23249702755262552,0.0,0.0,0.11862343221920948,0.9929393140210204,32.71099853515625
8.335904474409764,0.31750626947789307,0.0,0.0,0.08006459185830797,0.9967896774799399,34.35145974159241
8.633704180229039,0.36286999388364194,0.0,0.0,0.312575680679776,0.949892859141269,38.76962089538574
8.63056469428596,0.3880822674834837,0.0,0.0,0.7674720145679143,0.6410824493425686,40.08782386779785
8.616372500433338,0.39951503189558024,0.0,0.0,0.9841138879158521,0.17753832152846816,41.317359924316406
8.178727034627736,0.34474413814332,0.0,0.0,-0.9963590951324632,0.08525581239316761,43.7757089138031
7.735460751363706,0.24659766166027866,0.0,0.0,-0.992177285253754,0.12483683201079258,45.24981737136841
7.289349776899499,0.12115241150439077,0.0,0.0,-0.9935710659375119,0.11321014500386632,46.724369525909424
6.842737816518827,0.020511510720383624,0.0,0.0,-0.9948115481566735,0.10173486941124234,48.19143986701965
6.405401885305993,-0.09445892595097453,0.0,0.0,-0.9918591082093732,0.12734013295935762,49.668097496032715
5.964618172913612,-0.21791257569006078,0.0,0.0,-0.9895555836863567,0.1441518185634645,51.05296277999878
5.5486548828921745,-0.3845080531076727,0.0,0.0,-0.9739986405077027,0.22655385295586344,53.347862243652344
5.432522177488341,-0.4512474732731126,0.0,0.0,-0.73048980452696,0.6829236014973884,57.28251099586487
5.454140367203618,-0.8732191685024373,0.0,0.0,-0.7197016834405054,0.6942834340907915,59.338923931121826
5.415157770612922,-1.2906351063656836,0.0,0.0,-0.7745343251636038,0.6325318799423163,60.96753716468811
5.336166866450942,-1.7318287094613967,0.0,0.0,-0.7868069719971381,0.6171991484251211,62.44014382362366
5.170906343174278,-2.159556757774202,0.0,0.0,-0.8854761806455049,0.46468476789050134,64.73950004577637
4.809135338540277,-2.611456938385347,0.0,0.0,-0.9062262400838655,0.4227930957140385,67.8426558971405
4.470666943709783,-3.062675329631625,0.0,0.0,-0.9017035783144275,0.43235478123290955,69.6412878036499
4.153146660705758,-3.504310897865744,0.0,0.0,-0.8977420857106274,0.4405214495843902,73.00265884399414
3.9000679066531307,-3.530049463798302,0.0,0.0,0.9995728746926633,0.029224444881729126,77.0113537311554
3.468193006692045,-3.515161329134035,0.0,0.0,-0.9999991108961783,0.0013334942267839338,78.48221206665039
3.0472407750113137,-3.5368754540691545,0.0,0.0,-0.9991717446503147,0.04069182586768981,79.95773196220398
2.6197299283269713,-3.5669222629417208,0.0,0.0,-0.9983317458275911,0.05773842111483456,81.42935347557068
2.2211726273554273,-3.6206419467191995,0.0,0.0,-0.9970231337761505,0.0771029877189227,82.81428384780884
1.8196251177800888,-3.700093478348895,0.0,0.0,-0.9931990957367979,0.11642833086326938,85.27036643028259
1.715186585532561,-3.7518779947652385,0.0,0.0,-0.7883276947566159,0.6152555937817387,88.62512516975403
1.7320928788127852,-3.7654031696881143,0.0,0.0,-0.33953968913708354,0.940591728382029,89.9315869808197
1.9704781903227653,-3.7630216948200825,0.0,0.0,-0.006227257616041693,0.9999806104433143,92.15887784957886
2.3897131450930575,-3.795696918537745,0.0,0.0,-0.09351534619024365,0.9956178383430657,93.79566931724548
2.842080745358595,-3.897721576470061,0.0,0.0,-0.1340776666201269,0.9909708266713516,95.35048341751099
3.290962607248176,-4.015721103993579,0.0,0.0,-0.1607104854068751,0.987001590616898,96.90474104881287
3.738004739905427,-4.161006426918875,0.0,0.0,-0.177238947085823,0.9841678493203834,98.36938333511353
4.181165092511363,-4.318355530384792,0.0,0.0,-0.1925590945495419,0.9812853790341832,99.84402966499329
4.591366932185138,-4.592344339233838,0.0,0.0,-0.499145606461429,0.8665181264983741,102.30530834197998
4.644415937189509,-4.883632071812651,0.0,0.0,-0.48772317104432344,0.8729983438852961,106.7945020198822
4.653377823484962,-4.849080254287685,0.0,0.0,0.022778898341239962,0.9997405272321211,108.52218890190125
5.082288575750812,-4.808724364833014,0.0,0.0,0.005835688346435096,0.9999829722257891,110.08220362663269
5.508635809530853,-4.782027290082352,0.0,0.0,-0.020046390864598137,0.9997990509163848,111.55022525787354
5.934778442020441,-4.780480257537952,0.0,0.0,-0.03921547899001566,0.9992307772519737,113.02456164360046
6.350866335334118,-4.801565586591971,0.0,0.0,-0.07530356130748878,0.9971606558897164,114.50014638900757
6.783474577176925,-4.907608435118493,0.0,0.0,-0.15668854220990447,0.9876480652237086,117.6047043800354
7.207560428570677,-4.861420691880027,0.0,0.0,0.08276911016239416,0.9965687504647762,121.12251591682434
7.635877089114068,-4.772392118353951,0.0,0.0,0.107287265167212,0.9942280637423893,122.59851551055908
8.040997192851044,-4.686289084563695,0.0,0.0,0.10482893679955055,0.994490268433772,123.98959493637085
8.44080281050898,-4.610035237296511,0.0,0.0,0.07323912727922566,0.9973144089179588,125.38065719604492
8.84644784448007,-4.575582483443288,0.0,0.0,0.025523806740128715,0.9996742145766753,128.16136193275452
8.904119211308817,-4.567554026063923,0.0,0.0,0.5395534946783117,0.8419513206714633,131.1035759449005
8.909883100830513,-4.552954017609606,0.0,0.0,0.9004665731587276,0.4349252241751194,132.41408491134644
8.690146934858832,-4.561337369332144,0.0,0.0,-0.9996697321865862,0.025698765534536212,134.79681944847107
8.251506039114759,-4.588818266644231,0.0,0.0,-0.9998698234282548,0.016134937172189768,136.26849246025085
7.803364334343781,-4.616466150716048,0.0,0.0,-0.9998877201381663,0.0149848962925998,137.73828196525574
7.3541090269757685,-4.644522059262216,0.0,0.0,-0.9998198002396788,0.018983336079017407,139.20757222175598
6.914300907158201,-4.665541019423949,0.0,0.0,-0.9998997036719997,0.01416271854720006,140.68094491958618
6.4725992230451626,-4.681616548600307,0.0,0.0,-0.9999302402211261,0.011811633727853963,142.14957189559937
6.021942287764203,-4.699130673474054,0.0,0.0,-0.9999822175581468,0.005963603565910231,143.62615180015564
5.583403496039243,-4.69251684261886,0.0,0.0,0.9997380724416883,0.02288638264509301,145.10165882110596
5.155362815230564,-4.628988087379745,0.0,0.0,0.9909351248174068,0.13434127587272063,146.90266585350037
4.718798589003562,-4.3756284626751345,0.0,0.0,0.927542409584887,0.3737179128988358,149.35606980323792
4.444247022100019,-3.984702674775639,0.0,0.0,0.8521135847544113,0.5233568941716413,151.40001940727234
4.324062251891115,-3.590436744167741,0.0,0.0,0.7722712291023299,0.6352929628925356,153.19896793365479
4.299445450579219,-3.161504900753576,0.0,0.0,0.6842876119854601,0.7292122215673819,154.99649238586426
4.370068760579565,-2.7271780137913924,0.0,0.0,0.5075931740986276,0.861596871865538,157.28984475135803
4.7057697672580705,-2.3421235559868325,0.0,0.0,0.47728740858970736,0.8787472501246998,160.96398782730103
4.9032426555842115,-1.8981484405353297,0.0,0.0,0.587257422896806,0.8094002219252241,163.01161336898804
4.968433174140747,-1.4777232692823852,0.0,0.0,0.679553544020194,0.7336259133983711,164.81073260307312
4.943315110568229,-1.0794985542217004,0.0,0.0,0.7428001966837215,0.6695131573065795,166.45411729812622
4.844658264678197,-0.6738383490547283,0.0,0.0,0.8020102349876619,0.597310290364259,168.08580708503723
4.676594805330153,-0.304572111111698,0.0,0.0,0.8663076529465895,0.49951081114043117,169.80231428146362
4.339849964552648,0.019559954545840877,0.0,0.0,0.9528921312002492,0.30330939038652766,172.09184646606445
3.8426998560704484,0.19624416746327544,0.0,0.0,0.9982717614995951,0.0587664036035523,174.62998223304749
3.394505205648366,0.17676293197317583,0.0,0.0,-0.9997575726065965,0.022018083835018853,176.2610490322113
2.9643270777307684,0.10906426182794073,0.0,0.0,-0.9966108408745741,0.08226075523160767,177.8163025379181
2.537795344606118,0.01089890371189312,0.0,0.0,-0.995514078239483,0.09461352983052894,179.2893946170807
2.116825348843938,-0.055218279900860985,0.0,0.0,-0.9980525831973105,0.06237821072438288,180.76798224449158
1.704257232909655,-0.09610148578012337,0.0,0.0,-0.9996228292113309,0.0274626895903193,182.15834999084473
1.3034317225129546,-0.06715293071023118,0.0,0.0,0.995865016358435,0.09084530363983499,184.77507972717285
1.2085674942671156,-0.04436587618200743,0.0,0.0,0.7941467950313192,0.6077259809663265,188.4596812725067
1.2104578229076401,-0.02225917029659954,0.0,0.0,0.3900297135467328,0.9208022711476409,189.68386268615723
1.44163861477483,-0.04517402334948231,0.0,0.0,-0.03836486388350601,0.9992637976126224,191.9780969619751
1.8915483375762208,-0.0690775372778555,0.0,0.0,-0.004809374408600032,0.999988434892023,193.4450421333313
2.3431147576508398,-0.0684429174401494,0.0,0.0,0.011676866280664652,0.9999318230728851,194.91481757164001
2.7912650075148027,-0.05574207318444339,0.0,0.0,0.013011759793841386,0.9999153434701696,196.38300132751465
3.2221669514878193,-0.043542573114210024,0.0,0.0,0.01175489098590045,0.9999309088821635,197.69065189361572
3.6629920349351073,-0.039374968765706266,0.0,0.0,0.003301125130403328,0.9999945512715924,199.65690851211548
4.117475427255802,-0.03733031816296079,0.0,0.0,0.0016534072883615776,0.9999986331212353,202.6008174419403
4.577417655783212,-0.032130344948122676,0.0,0.0,0.003032442519366671,0.9999954021356132,204.071457862854
5.024074603541074,-0.02067532715276118,0.0,0.0,0.004102342487314893,0.9999915853576553,205.53959274291992
5.47632843259677,-0.00892065626777306,0.0,0.0,0.0031599490925643668,0.999995007348403,207.01236701011658
5.898399444512881,-0.0038184972935603563,0.0,0.0,0.0041094731934821225,0.9999915560793862,208.40048599243164
6.322545324426061,0.011149884088996328,0.0,0.0,0.007494281574909666,0.9999719174775239,210.2000982761383
6.752892939255902,0.031109736832632785,0.0,0.0,0.01159431206350281,0.9999327837048719,213.2268054485321
7.1763521532797485,0.05871975816448949,0.0,0.0,0.053017435022229976,0.9985935867927771,214.6956000328064
7.596589822366933,0.1212317962311716,0.0,0.0,0.08657485824292058,0.9962453482552469,216.16764903068542
8.014207478340014,0.20452176412229567,0.0,0.0,0.09293548122220942,0.99567213294839,217.5611276626587
8.413465021367552,0.2867579822394918,0.0,0.0,0.09486449972120287,0.9954901941720199,219.35645604133606
8.66007542994288,0.3409484578247867,0.0,0.0,0.3397943544908514,0.940499758987819,223.1203808784485
8.648612341022492,0.3561015899495477,0.0,0.0,0.782455312135069,0.6227067403775325,224.42195296287537
8.628828810850456,0.365578448788178,0.0,0.0,0.9927196982962289,0.12044750148776187,225.81134057044983
8.164943143843288,0.30352817854796815,0.0,0.0,-0.9966027830571615,0.08235831957197867,228.1904001235962
7.725204222864879,0.20682980014718366,0.0,0.0,-0.9935646583081783,0.1132663664154235,229.65570521354675
7.282089204750534,0.11122035563102319,0.0,0.0,-0.9951379009268,0.09849141149868074,231.12748670578003
6.847876332965565,0.034655567597092894,0.0,0.0,-0.9961056032661515,0.08816817533428074,232.60445380210876
6.429853446138043,-0.06049315472667912,0.0,0.0,-0.9925677175762798,0.1216935742979651,234.06936359405518
6.031794509430927,-0.16991960076538815,0.0,0.0,-0.9912615421859275,0.13191116322425742,235.3816578388214
5.638308663428514,-0.3258515436702008,0.0,0.0,-0.9744530730505356,0.224591202905117,237.25721549987793
5.412616307234421,-0.46254314220682247,0.0,0.0,-0.8612413093535587,0.5081962288948707,241.02083444595337
5.431511014292745,-0.6731959511454808,0.0,0.0,-0.6987381083252721,0.715377561832925,242.99243831634521
5.421191883871084,-1.1277812497224868,0.0,0.0,-0.7473749612019145,0.6644024889842277,244.7157323360443
5.360118913997839,-1.5947426022602331,0.0,0.0,-0.7657719299740997,0.6431122384652174,246.3486304283142
5.227137079352812,-2.076895249250562,0.0,0.0,-0.8656856400292018,0.5005880268716296,248.54962921142578
4.936879386288686,-2.4572483560343805,0.0,0.0,-0.9069151436020266,0.4213133303199834,251.74404621124268
4.648927026177457,-2.8273987909378837,0.0,0.0,-0.9053226887593203,0.42472441561275337,253.2116768360138
4.353658864098901,-3.2241271697251777,0.0,0.0,-0.9018764296238346,0.43199410376643377,255.01203966140747
4.118360183265072,-3.534989194686495,0.0,0.0,-0.9824390622762224,0.18658373164297287,259.75793862342834
3.6715872956479174,-3.515118319897548,0.0,0.0,-0.9999997250709209,0.0007415241617431779,262.3709273338318
3.2441957009911455,-3.534804887188521,0.0,0.0,-0.9993225848665944,0.03680178495057369,263.84332299232483
2.8271468028814053,-3.5808590168699483,0.0,0.0,-0.997601936129528,0.06921254966129503,265.3081200122833
2.410057360244987,-3.638703054904109,0.0,0.0,-0.9977245362650513,0.06742217539273178,266.69940400123596
2.0142040564242336,-3.6913258588937445,0.0,0.0,-0.9975177035946693,0.07041612752216228,268.417418718338
1.727733385843626,-3.737275468358613,0.0,0.0,-0.9383578913554067,0.3456652538671407,272.5807321071625
1.7359806571159226,-3.7407785062206727,0.0,0.0,-0.6228659496820091,0.7823285810493752,273.89316749572754
1.7525759509752923,-3.7457565389087213,0.0,0.0,-0.13764395804021198,0.9904817720761065,275.1950261592865
2.2097816005267563,-3.7575191680574918,0.0,0.0,-0.05963759364209683,0.9982200946808174,277.735910654068
2.716397998628225,-3.8584171711157347,0.0,0.0,-0.11902865401081167,0.9928908195387721,279.61616373062134
3.220710625426935,-3.994099771561122,0.0,0.0,-0.14367488378269808,0.9896249429809397,281.33175563812256
3.755892391746114,-4.154892790669648,0.0,0.0,-0.1570696686973236,0.9875875248175794,283.12652826309204
4.265630769905865,-4.313844987254215,0.0,0.0,-0.18584933191543018,0.9825782543017061,284.8387830257416
4.657210681638445,-4.588788472693791,0.0,0.0,-0.5313263902881198,0.8471672013147089,287.4555735588074
4.679476007896111,-4.870821497288514,0.0,0.0,-0.5287008891328316,0.8488082055624541,292.104843378067
4.693720128182763,-4.83988791306977,0.0,0.0,-0.008535812021662892,0.9999635692929673,293.6634075641632
5.117019798845068,-4.786259179904653,0.0,0.0,0.01841039533358112,0.999830514309131,295.5511257648468
5.562966386011979,-4.739528250605763,0.0,0.0,-0.016624873589575036,0.9998617972390638,297.09260392189026
6.039043594659883,-4.744732741261553,0.0,0.0,-0.04034596346334656,0.9991857701309673,298.7240059375763
6.526487097176101,-4.8084666089644,0.0,0.0,-0.14278952218240826,0.9897530764564056,300.6812026500702
6.955398896438231,-4.891059923079989,0.0,0.0,0.0501479250989901,0.9987418012721136,305.67164492607117
7.394256421461509,-4.816626473101545,0.0,0.0,0.08990443277558284,0.9959503968407768,307.2219169139862
7.826787689086979,-4.719678790056774,0.0,0.0,0.10443957467233742,0.9945312339199113,308.6885769367218
8.242947068069562,-4.63461769779924,0.0,0.0,0.09532573607869155,0.9954461331689705,310.07864236831665
8.674935057180262,-4.574973007591287,0.0,0.0,0.0303109913035303,0.999540516340482,312.04005312919617
8.901675596823631,-4.559654689413729,0.0,0.0,0.29743825895719633,0.9547410550031415,315.8724911212921
8.903256747120736,-4.5461247662191795,0.0,0.0,0.7437482152088074,0.6684598659408907,317.1800000667572
8.900903843301492,-4.531921835230884,0.0,0.0,0.9813425258184577,0.19226764423649048,318.48561668395996
8.45610553293468,-4.561704524209897,0.0,0.0,-0.9996441376706583,0.02667579465894199,321.0196325778961
8.008683797372456,-4.582391166283639,0.0,0.0,-0.9998788500914322,0.015565511229485953,322.49592757225037
7.571080558167149,-4.61571168281837,0.0,0.0,-0.9991346520276109,0.04159263297346092,323.96172189712524
7.1311671026062475,-4.656029720577306,0.0,0.0,-0.9995002966983947,0.03160944320643814,325.42846488952637
6.6912467033631255,-4.686563629416313,0.0,0.0,-0.9998673031166531,0.01629037010724565,326.9024212360382
6.2468239527017575,-4.704206121935575,0.0,0.0,-0.9999852617506686,0.005429206336730867,328.3685417175293
5.761881748344091,-4.705990079576648,0.0,0.0,0.9998863148624467,0.015078373612433077,330.00193428993225
5.2721843868959075,-4.662314608505147,0.0,0.0,0.9952457108620084,0.09739597019782516,331.80065178871155
4.803788763088491,-4.452682749096434,0.0,0.0,0.9465784085210249,0.32247374547674984,334.4088954925537
4.517873608275563,-4.14044724132454,0.0,0.0,0.8839921974930608,0.46750165215899436,336.2932081222534
4.345068166077557,-3.759055309159108,0.0,0.0,0.8104848486086073,0.585759601010417,338.0824692249298
4.255790040464723,-3.3487553871258786,0.0,0.0,0.7300723997654571,0.6833698055231199,339.87277388572693
4.288955655159555,-2.88365307792142,0.0,0.0,0.6240028635019602,0.7814220539128353,341.91952323913574
4.538316347983611,-2.454244980478692,0.0,0.0,0.5061209059654634,0.8624625374731928,344.3631839752197
4.732638074113538,-1.9584656539662033,0.0,0.0,0.6096177297413365,0.7926955428063278,346.57503056526184
4.797981368419371,-1.4799177237513392,0.0,0.0,0.6801573652988491,0.7330661350995065,348.45904779434204
4.79729469461893,-1.0168814567897004,0.0,0.0,0.7290060737011425,0.6845072275051918,350.2547936439514
4.710615940790992,-0.5977309826001437,0.0,0.0,0.7995584950648775,0.6005882224699284,352.0510838031769
4.524657740488755,-0.2513518270934262,0.0,0.0,0.882310534123894,0.470667739890901,353.92673206329346
4.2122539864478385,0.023571265729512316,0.0,0.0,0.9616787576490405,0.2741787137736952,356.04980754852295
3.6930189143245853,0.1644251978256613,0.0,0.0,0.9983220801615709,0.05790530426372013,358.58493399620056
3.2017948880784277,0.13345841025361066,0.0,0.0,-0.9991504893531362,0.04121043102648234,360.3778700828552
2.768884718370231,0.04207002950255179,0.0,0.0,-0.9952647923628447,0.09720078746051229,361.92417550086975
2.3483799225587423,-0.05142707724242082,0.0,0.0,-0.9965561834698959,0.08292028212635935,363.3945813179016
1.8944364986345765,-0.12365198803006658,0.0,0.0,-0.9982387153788601,0.059325096871080264,364.95078468322754
1.4216769150810473,-0.1265785227878121,0.0,0.0,0.9950946413517265,0.09892752272789791,367.1527454853058
1.1950738093472693,-0.05872463242265271,0.0,0.0,0.7950505370008347,0.6065431918789331,371.3233814239502
1.2024162655317399,-0.039803515512594145,0.0,0.0,0.3694863587208276,0.9292361544404221,372.63652062416077
1.4541105916197987,-0.04837422580215839,0.0,0.0,-0.02548490611146605,0.9996752070350098,375.00130820274353
1.9423247244633053,-0.061892336890803076,0.0,0.0,0.002124306910434949,0.9999977436575296,376.6263208389282
2.432058224839572,-0.06190408549602666,0.0,0.0,0.005614768511666874,0.9999842370630451,378.25793266296387
2.9226653852735516,-0.04782771748588796,0.0,0.0,0.010514755795397486,0.9999447184272554,379.9767529964447
3.3959017491403167,-0.04441174295178124,0.0,0.0,0.004411014074169929,0.9999902714300962,381.52597188949585
3.877740299753592,-0.03072032684318552,0.0,0.0,0.00408038743714103,0.9999916751845301,384.8798735141754
4.379669154405118,-0.028304037729436363,0.0,0.0,0.0037289625218625173,0.9999930473950859,386.74916529655457
4.891684675215987,-0.02507692005206177,0.0,0.0,0.005317666049212612,0.9999858611139405,388.3829629421234
5.390933681525397,-0.0063648421300325254,0.0,0.0,0.0002490258295272217,0.9999999689930676,390.01687121391296
5.884565837840079,0.0072402211899595574,0.0,0.0,0.002942361510286046,0.9999956712450023,391.56468319892883
6.355357651937997,0.025888007513834226,0.0,0.0,0.009584257369798174,0.99995406995055,393.60896134376526
6.815507833290841,0.04299919089942996,0.0,0.0,0.01546019422318363,0.9998804840552602,396.7106554508209
7.302347426720339,0.07367909275305966,0.0,0.0,0.03571081657677542,0.9993621653732044,398.33733558654785
7.77998977055493,0.12972615467701967,0.0,0.0,0.06555911016236343,0.9978486874645469,399.97159123420715
8.233631541077482,0.20062414614233953,0.0,0.0,0.09580893661714943,0.9953997426482946,401.5312283039093
8.648171176711163,0.3203007459937451,0.0,0.0,0.1550815363914934,0.9879016737866446,404.5392198562622
8.66251013938214,0.34196501744699026,0.0,0.0,0.6566805383285298,0.7541688607868614,407.1536202430725
8.649844793767747,0.35514173726406534,0.0,0.0,0.9561189197427972,0.29297885812779484,408.45618891716003
8.399178396249944,0.33439104141952897,0.0,0.0,-0.9987590998578231,0.049802213316187074,410.58439111709595
7.926755508997762,0.26228297680402607,0.0,0.0,-0.9956243447053152,0.0934460498368532,412.22991037368774
7.469912728108145,0.16403921754156325,0.0,0.0,-0.9938751556933756,0.11050870959100208,413.76668095588684
7.031416362911916,0.07128522873609068,0.0,0.0,-0.9953497104673826,0.0963273267172795,415.23375415802
6.597674723383235,-0.02069742603935654,0.0,0.0,-0.9933413822526784,0.1152080652746944,416.7016851902008
6.184036402791361,-0.12942837167378024,0.0,0.0,-0.9924886715496312,0.12233657198748214,418.0908055305481
5.766170552138615,-0.25791910089758635,0.0,0.0,-0.9823812749155446,0.18688774891712187,419.72047305107117
5.423493015660017,-0.44712211439005844,0.0,0.0,-0.8728143200508915,0.4880524179984153,424.20293712615967
5.443201608228761,-0.6883105655501887,0.0,0.0,-0.699321807857031,0.7148069732840984,426.42062973976135
5.414045210769211,-1.2221136495733342,0.0,0.0,-0.7624458317062281,0.647052048689901,428.4544219970703
5.305107103790173,-1.8072113891721961,0.0,0.0,-0.7932847520958737,0.608850804460492,430.492821931839
5.110251906752678,-2.244486875610001,0.0,0.0,-0.8860331943020288,0.4636218055645607,433.51444816589355
4.831750804436106,-2.5548596754210484,0.0,0.0,-0.9236316111017584,0.38328142007351473,436.782292842865
4.549034538970297,-2.859995069235614,0.0,0.0,-0.9220478830484119,0.38707583412807123,438.0894818305969
4.289687519095287,-3.2067050262903707,0.0,0.0,-0.8911774758815953,0.4536548318725467,439.7230498790741
4.099999192996884,-3.511250794891397,0.0,0.0,-0.9717103938498277,0.23617559248197686,444.1396448612213
3.836541421599843,-3.477883912467828,0.0,0.0,0.9992173143581793,0.039557030814097394,446.34122228622437
3.327762639756003,-3.468402869027698,0.0,0.0,-0.9998768265164377,0.015694960828796817,448.13884377479553
2.8512019665170225,-3.493293259418392,0.0,0.0,-0.998329019280032,0.05778554545359473,449.8502848148346
2.375237739194727,-3.5574534910145394,0.0,0.0,-0.9972160793239709,0.07456601865278713,451.47790455818176
1.9437642451950519,-3.6460433586527947,0.0,0.0,-0.9918723029669777,0.1272373160947054,453.4344890117645
1.697593842474414,-3.7390894477909606,0.0,0.0,-0.8850808110970418,0.4654373833587097,457.18080377578735
1.7046875928677432,-3.7436963781563017,0.0,0.0,-0.5033003475725564,0.8641115438028496,458.49137020111084
1.719757075008969,-3.73562801938824,0.0,0.0,-0.0012970007959779387,0.9999991588941138,459.9589583873749
2.2708067577027484,-3.7280701973191626,0.0,0.0,-0.06158176254398241,0.9981020421389671,462.4934272766113
2.83856103641317,-3.8199501027979643,0.0,0.0,-0.12279830197074977,0.9924316485446746,464.53265738487244
3.377859301027308,-3.928454833164569,0.0,0.0,-0.14549860449144614,0.9893584568249476,466.3242897987366
3.8685650838932197,-4.074660663227614,0.0,0.0,-0.15962263784449365,0.987178106264298,467.95807933807373
4.347971477961268,-4.245708414703415,0.0,0.0,-0.212784945766465,0.9770990568285094,469.66263031959534
4.697110129733378,-4.48898221747499,0.0,0.0,-0.46181921620826377,0.8869740760252156,471.79433703422546
4.751930354592793,-4.828286180765463,0.0,0.0,-0.8342048040038643,0.5514547533360052,474.72298550605774
4.728308058654751,-4.870817820899596,0.0,0.0,-0.4136871833028925,0.9104190872180344,477.8198037147522
4.994182313433402,-4.818758296244156,0.0,0.0,0.023846149989009663,0.9997156401350844,480.3544783592224
5.516208950588797,-4.759020919911997,0.0,0.0,-0.005543222886913456,0.9999846362219902,482.153258562088
6.077085650018209,-4.742433381014878,0.0,0.0,-0.020978457374060958,0.9997799279472481,484.03000569343567
6.606390879017359,-4.813794523866434,0.0,0.0,-0.17920443296071586,0.9838118576268677,486.3906590938568
6.846669523003519,-4.899513631014385,0.0,0.0,0.035053125059914314,0.9993854503761469,490.71265840530396
7.358231620622746,-4.813820037368111,0.0,0.0,0.09741059647323683,0.9952442794081904,492.59158635139465
7.8323815484443555,-4.70213940517783,0.0,0.0,0.10950254418188136,0.9939865154103928,494.2240810394287
8.30974750303375,-4.59874002067605,0.0,0.0,0.08645081279424693,0.9962561201654995,495.8597602844238
8.834328707223694,-4.565187789571202,0.0,0.0,-0.010003440116702716,0.9999499643411321,498.9684293270111
8.912012816601322,-4.585944680961768,0.0,0.0,-0.524095974211733,0.8516592099044397,502.07763934135437
8.896148189980552,-4.592535145659443,0.0,0.0,-0.8825364623425418,0.4702439713977323,503.3794710636139
8.813331331195258,-4.6004676557578605,0.0,0.0,0.9991425371019675,0.041402784368243954,505.5000066757202
8.23059139562179,-4.570662683680364,0.0,0.0,0.9998559976985477,0.01697008739641042,507.4593412876129
7.697235223673284,-4.591559228987364,0.0,0.0,-0.9997079055580049,0.024168234623718924,509.24986267089844
7.156454581723956,-4.629449161288937,0.0,0.0,-0.9998099704940141,0.019494176072832357,511.05113101005554
6.60921468199682,-4.6559591542046785,0.0,0.0,-0.9998975013039445,0.014317363099690082,512.84468126297
6.070917678030203,-4.6874925556751394,0.0,0.0,-0.9999280061282952,0.0119992733234944,514.6368443965912
5.523550047502307,-4.67703599616794,0.0,0.0,0.9993616573995757,0.035725029315216254,516.511262178421
5.032423067901835,-4.577306272448524,0.0,0.0,0.9774964174166992,0.21095201809302064,518.7994129657745
4.705564105382529,-4.334027361719835,0.0,0.0,0.9157938358186389,0.401648665224452,520.7550284862518
4.463935989363514,-3.9943450770563103,0.0,0.0,0.8516458555977063,0.5241176744236457,522.5536105632782
4.3398635926682765,-3.587339402773251,0.0,0.0,0.7673753664481429,0.6411981339403434,524.429144859314
4.3318767951991255,-3.0659907605119643,0.0,0.0,0.6563556373328951,0.7544516401608052,526.6340179443359
4.4773158092876235,-2.641439880168607,0.0,0.0,0.4523878491568731,0.8918213015706781,529.3229427337646
4.691597882027555,-2.2905577923065765,0.0,0.0,0.536071847583972,0.8441723604974914,531.7664947509766
4.8255223008647254,-1.8594057102892962,0.0,0.0,0.6265411836676377,0.779388314749686,533.6378843784332
4.859447096710803,-1.3180379506488173,0.0,0.0,0.7025297341439695,0.7116543912908875,535.7654349803925
4.813711216788529,-0.7967405726787963,0.0,0.0,0.7639668884575499,0.645255448129258,537.7949116230011
4.671412431343938,-0.3651353166569743,0.0,0.0,0.8432830658789175,0.5374696929147291,539.7537620067596
4.427731994737654,-0.041808508706497535,0.0,0.0,0.9256017605741083,0.37849885181082277,541.7172212600708
4.062667902750706,0.15376262122547024,0.0,0.0,0.9866177004025359,0.1630506462802643,543.8340225219727
3.5099017467462974,0.18081087613248195,0.0,0.0,-0.9999753984428635,0.007014450016670989,546.1208875179291
2.9376670374866807,0.09343699495130146,0.0,0.0,-0.9972464946400622,0.07415813460510139,548.0712344646454
2.408646774856185,0.006325885676060272,0.0,0.0,-0.9984491673018051,0.05567100065862031,549.8636322021484
1.8492286068004868,-0.05413224778769854,0.0,0.0,-0.9992341518103861,0.03912939886809293,551.7452635765076
1.315116185450188,-0.05227619254944545,0.0,0.0,0.9992272167241524,0.03930609822538818,554.6748542785645
1.2041205195585598,-0.030670342651579977,0.0,0.0,0.833343949203708,0.5527547940321891,558.2647435665131
1.2202765704002587,-0.023490325280597177,0.0,0.0,0.4386913618553037,0.8986377963526456,559.5749597549438
1.500174518351479,-0.04374410262727032,0.0,0.0,-0.03230082315427148,0.9994781922701248,562.1783168315887
2.063035680606598,-0.06249729059308417,0.0,0.0,-0.0007802345003617239,0.9999996956170158,564.0481660366058
2.6652953093177554,-0.06577787313138879,0.0,0.0,0.004526448208986018,0.9999897555808316,566.0034835338593
3.2779933699252197,-0.06183139577505411,0.0,0.0,0.006078961281226557,0.9999815229441699,567.8786973953247
3.8672117694206336,-0.051886641885024974,0.0,0.0,0.012117301297949811,0.9999265828095855,571.462208032608
4.484771285575184,-0.032317739559213854,0.0,0.0,0.01410711615722906,0.9999004896857119,573.8309533596039
5.079140370536775,-0.018221878229532928,0.0,0.0,-0.016180777551768704,0.9998690826492337,575.7795345783234
5.641542725795499,-0.01719708778131282,0.0,0.0,-0.017521010484873114,0.9998464953139502,577.6543045043945
6.223995096883793,-0.005364678273585362,0.0,0.0,0.017612320413516458,0.9998448910554335,579.6908609867096
6.811790648790332,0.027048170842699885,0.0,0.0,0.02422004982026768,0.9997066515667002,583.4458525180817
7.354524564219931,0.09950804902899352,0.0,0.0,0.09122033271146368,0.9958307340607689,585.4039556980133
7.847789209153709,0.21295317527961982,0.0,0.0,0.11083549930818909,0.993838765642146,587.1151847839355
8.338524734642963,0.313945920596658,0.0,0.0,0.0857309999115322,0.9963183204449112,589.0744075775146
8.653427940746116,0.37723351683274736,0.0,0.0,0.3574125237232605,0.9339466193984375,593.471263885498
8.646278146983251,0.39242397814017654,0.0,0.0,0.7899685670361843,0.6131473420759463,594.7742776870728
8.615646360914175,0.39424723412456364,0.0,0.0,0.9930033890396334,0.1180858558668334,596.1675276756287
8.047042703263823,0.32330776069846506,0.0,0.0,-0.9960217435083063,0.08911052944895828,598.9387166500092
7.547040695168261,0.2021763195205999,0.0,0.0,-0.9903874706213783,0.13832085177654327,600.7339253425598
7.0474668408437156,0.08339529948716426,0.0,0.0,-0.9946124270209127,0.10366349413158774,602.4455034732819
6.5213255677003925,-0.041510723484877145,0.0,0.0,-0.992026180845131,0.12603196625389745,604.2398416996002
6.029054861294837,-0.1855322620435712,0.0,0.0,-0.9902367486648614,0.1393957732273255,605.8681614398956
5.5912807500650965,-0.35921246393627837,0.0,0.0,-0.9736510557113609,0.2280430260107779,608.0689358711243
5.420633137834567,-0.4609724785489398,0.0,0.0,-0.7299680851350945,0.6834812321375061,612.1429903507233
5.438276832154164,-1.0198183518616262,0.0,0.0,-0.7355846602968371,0.6774328066575952,614.6730251312256
5.3769940182352105,-1.5176779920649346,0.0,0.0,-0.7662919604612869,0.6424925146119583,616.4655385017395
5.27499722342542,-1.964885930312397,0.0,0.0,-0.8336814592894519,0.5522456196630354,618.2578585147858
5.059906722355662,-2.3070178114613626,0.0,0.0,-0.9082015209188581,0.418533149703429,621.44069480896
4.8169023430384295,-2.62647699972993,0.0,0.0,-0.903612361530525,0.4283511411088195,622.7420239448547
4.584419073211224,-2.9618697089407253,0.0,0.0,-0.9024285855491232,0.43083946892527025,624.0481417179108
4.352983812071947,-3.3047599610675595,0.0,0.0,-0.9003155403887709,0.435237782981298,625.7547841072083
4.140811813384273,-3.551144490278816,0.0,0.0,-0.9906561627339736,0.13638316332010617,630.4053330421448
3.6114707760360227,-3.539797257408356,0.0,0.0,0.9999956536506824,0.002948335080074257,633.097799539566
3.090586394898008,-3.5582421313808057,0.0,0.0,-0.9995927899982945,0.02853513944990686,634.8875184059143
2.5403997144106,-3.5985154991614015,0.0,0.0,-0.9992018444618875,0.03994588869911373,636.760134935379
1.9953181697114357,-3.664452714490021,0.0,0.0,-0.9958437779982279,0.09107782288908883,638.9676041603088
1.7309601029044084,-3.735345456394321,0.0,0.0,-0.9153880907746383,0.40257253168585966,643.2767286300659
1.747370641506699,-3.7399900821852925,0.0,0.0,-0.5760544171219153,0.8174113459662341,644.579576253891
1.7706444418613903,-3.75168862541881,0.0,0.0,-0.06435098051935842,0.9979273276678002,645.9722220897675
2.277621164220595,-3.7485118020823767,0.0,0.0,-0.06407068756643806,0.9979453627302267,648.5045828819275
2.739812355481273,-3.8361865613523816,0.0,0.0,-0.1304075370176127,0.99146047540434,650.2092161178589
3.176082085608334,-3.956519290653307,0.0,0.0,-0.1457726152388788,0.9893181210543036,651.673478603363
3.6204460169519352,-4.105508951591505,0.0,0.0,-0.1682622155969344,0.985742271997306,653.1404020786285
4.035469674379734,-4.250909063015185,0.0,0.0,-0.1765921406611054,0.9842841133822736,654.5230967998505
4.427350402415455,-4.41793450842305,0.0,0.0,-0.27681321682923465,0.9609237446273513,656.1563837528229
4.674133815325624,-4.758380204456655,0.0,0.0,-0.6564580923753379,0.754362494398371,659.0040400028229
4.681556469273522,-4.8656478085975765,0.0,0.0,-0.17915089718425992,0.9838216078324742,662.9086816310883
5.2156560307505435,-4.790893887806795,0.0,0.0,0.012454589865159139,0.999922438587759,665.7729229927063
5.7319986341279945,-4.75882641924468,0.0,0.0,-0.026023282990213947,0.9996613370249002,667.5658295154572
6.179510963695781,-4.772297174696821,0.0,0.0,-0.048639696768562474,0.9988163894822022,669.1142022609711
6.625353630425568,-4.85540176271716,0.0,0.0,-0.16514763120070905,0.9862688578216361,671.2358450889587
7.092011119000086,-4.871426338131992,0.0,0.0,0.07363558038817097,0.9972852156233427,675.8804445266724
7.655355737395215,-4.748316174722732,0.0,0.0,0.10866765580157332,0.9940781360550038,677.8381941318512
8.21584253693738,-4.621640258118416,0.0,0.0,0.09733445356408987,0.9952517290361168,679.7909257411957
8.7294521130646,-4.54928937048591,0.0,0.0,0.030882640479926705,0.9995230175023423,682.2411456108093
8.904850365166816,-4.535402492057762,0.0,0.0,0.5178644111189904,0.8554627120432434,686.3197124004364
8.898578259353442,-4.521735126602816,0.0,0.0,0.8869455869366761,0.4618739284843378,687.6203434467316
8.847364579635824,-4.528703188899848,0.0,0.0,-0.9996837981904835,0.025145648439615708,689.5772213935852
8.349552232718409,-4.57078002119234,0.0,0.0,-0.9996293925936423,0.027222737975190908,691.2891404628754
7.853702145653643,-4.600586007013903,0.0,0.0,-0.9996757077650631,0.02546525681041023,692.9191615581512
7.3673429076933274,-4.6344638310030515,0.0,0.0,-0.9996822171562996,0.02520842520795689,694.5482618808746
6.873333930471895,-4.667939942189075,0.0,0.0,-0.9996851201301388,0.02509303868386748,696.1785354614258
6.381388605788902,-4.687918753377109,0.0,0.0,-0.9999363125097336,0.011285872781329824,697.8055574893951
5.8884636144082645,-4.699118112406109,0.0,0.0,0.9999994877443781,0.0010121812987344036,699.4293155670166
5.4156879606627175,-4.68202198605276,0.0,0.0,0.9987392501633895,0.050198706986042334,701.0640690326691
4.995825976239386,-4.584905669133671,0.0,0.0,0.9774397654260795,0.21121435785431542,703.0169177055359
4.683282470879524,-4.3547568246120445,0.0,0.0,0.9160052988519204,0.4011661656660542,705.0543677806854
4.435076904281407,-3.9898523402633916,0.0,0.0,0.8469810516176486,0.5316230790707474,707.0073976516724
4.297580592880017,-3.4726897622032977,0.0,0.0,0.7421105365354828,0.6702775183183588,709.2852649688721
4.312406380969376,-3.002500251685872,0.0,0.0,0.6490887923493873,0.7607126524821406,711.2401397228241
4.444648296636489,-2.605119138749031,0.0,0.0,0.42645358785849813,0.9045094457232684,714.0975642204285
4.687100518194863,-2.2689572942824605,0.0,0.0,0.5003717833510878,0.8658106481362147,716.7773549556732
4.853718736765198,-1.8725923594532639,0.0,0.0,0.5925148455596232,0.8055595308799071,718.5713803768158
4.923102636877143,-1.4505147107598173,0.0,0.0,0.6764537075499608,0.736485153646638,720.3633949756622
4.903004054108082,-0.9807849440076589,0.0,0.0,0.7383399075876313,0.6744287811648373,722.2328176498413
4.768858784423743,-0.4625771786904342,0.0,0.0,0.824783549156414,0.5654485803686744,724.4341824054718
4.50739602853755,-0.07733287716830581,0.0,0.0,0.9254778890301367,0.37880163267378075,726.7090592384338
4.161512325979417,0.1321147234994515,0.0,0.0,0.9786517515638096,0.20552554381654745,728.6639387607574
3.717868506979863,0.1924729515489887,0.0,0.0,0.9981727407482051,0.060424991743619746,730.5343325138092
3.228206279571217,0.15364705036340004,0.0,0.0,-0.9991009594053641,0.042394255687309146,732.3291275501251
2.724025013220507,0.06701063038803476,0.0,0.0,-0.9961404553123153,0.08777353411007878,734.1239364147186
2.207577718359834,-0.025623032273321193,0.0,0.0,-0.9979853409530102,0.06344493078965475,735.9161612987518
1.7030279435747155,-0.08519014854874989,0.0,0.0,-0.9995078573556577,0.03136946101389357,737.6257493495941
1.2557786110545446,-0.06588089882551293,0.0,0.0,0.9974304715805684,0.07164114992492102,740.555385351181
1.1944380294021386,-0.04590759712055887,0.0,0.0,0.8138740563252739,0.5810413242108043,743.5802636146545
1.2045742008739764,-0.032901231688714776,0.0,0.0,0.40230374964605864,0.9155062495803736,744.8872425556183
1.4435117248430969,-0.056074426660301185,0.0,0.0,-0.03381910421400967,0.9994279704861987,747.3225903511047
1.9293846986540193,-0.06755409556778451,0.0,0.0,0.0020182195248767856,0.9999979633929008,748.9520347118378
2.428817179475086,-0.04956525932295488,0.0,0.0,0.014760286174839043,0.9998910610421702,750.5794401168823
2.915347448461798,-0.04017438231586049,0.0,0.0,0.010705563636365873,0.9999426938116143,752.2029874324799
3.3968798547294337,-0.023384872705540172,0.0,0.0,0.009658711876639678,0.9999533535544965,753.7488677501678
3.860299128520964,-0.015945783877135,0.0,0.0,0.007759052607206444,0.9999698980982571,756.9232466220856
